url,status_now,score,hits_404log,first_seen,last_seen,gsc_clicks,gsc_impr,ai_impr,googlebot_14d,ext_ref_14d,relevance,content_row_exists,closest_live_page,similarity,classification,proposed_destination,curated_decision,curated_destination,curated_reason
/p/increase-pool-rental-income,404,128.0,128,2026-07-07,2026-09-25,0,0,0,0,0,core,False,/p/taxesforpoolhosts,0.5,REDIRECT (equivalent page),/p/taxesforpoolhosts,REDIRECT,/p/pool-host-pricing-strategy,host revenue topic
/p/ultimate-pool-cleaning-guide,404,112.0,112,2026-07-07,2026-09-25,0,0,0,0,0,off-topic/maintenance,False,/p/blood-in-pool-cleaning-and-safety-guide,0.33,410,,REDIRECT,/p/pool-maintenance,equivalent complete maintenance guide
/p/discovering-the-best-canadian-built-swim-spas-an-in-depth-guide,404,108.0,108,2026-07-09,2026-08-29,0,0,0,0,0,off-topic/maintenance,False,/p/canadian-cities-with-pools,0.14,410,,410,,"off-topic product review, no equivalent"
/p/how-to-start-a-pool-rental-business,404,99.0,99,2026-07-08,2026-09-25,0,0,0,0,0,core,False,/p/swim-instructor-pool-rental,0.4,RESTORE — needs content (Derek/Brandon approval),/p/how-to-start-a-pool-rental-business,REDIRECT,/p/pool-side-hustle-starter-guide-2026,equivalent getting-started guide
/p/make-money-renting-your-pool,404,99.0,99,2026-07-07,2026-09-25,0,0,0,0,0,core,False,/p/make-money,1.0,REDIRECT (equivalent page),/p/make-money,REDIRECT,/p/make-money-renting-out-your-pool,near-identical page
/p/how-to-lower-chlorine-in-a-pool-safely,404,77.0,77,2026-07-07,2026-09-25,0,0,0,0,0,off-topic/maintenance,False,/p/best-chlorine-for-pools,0.33,410,,410,,no chlorine-reduction page; maintenance guide is not specific enough
/p/maximizing-pool-rental-income,404,71.0,71,2026-07-09,2026-09-25,0,0,0,0,0,core,False,/p/taxesforpoolhosts,0.5,REDIRECT (equivalent page),/p/taxesforpoolhosts,REDIRECT,/p/pool-host-pricing-strategy,host revenue topic
/p/pool-rental-insurance,404,70.0,70,2026-07-08,2026-09-25,0,0,0,0,0,core,False,/p/about,0.33,RESTORE — needs content (Derek/Brandon approval) — INSURANCE TOPIC: Derek decides (rule 8),/p/pool-rental-insurance,HOLD — Derek,,insurance topic (hard rule 8)
/p/virgina-beach-virgina-search,404,67.0,67,2026-07-07,2026-09-25,0,0,0,0,0,general,False,/p/myrtle-beach,0.25,410,,REDIRECT,/public-pools/virginia/virginia-beach/,guest search intent; /p/virginia-beach is a host page
/p/how-much-to-rent-my-pool-for,404,62.0,62,2026-07-07,2026-09-25,0,0,0,0,0,core,False,/p/how-much-can-i-rent-my-pool-for,0.6,REDIRECT (equivalent page),/p/how-much-can-i-rent-my-pool-for,REDIRECT,/p/how-much-can-i-rent-my-pool-for,equivalent
/p/pool-safety-guide-for-homeowners,404,58.0,28,2026-08-11,2026-09-23,0,0,0,6,0,general,False,/p/pool-safety-essentials,0.33,410,,REDIRECT,/p/check-inside-the-pool-safety-maintenance-and-tech-tips,closest safety guide; also fixes /guides/* redirect-to-404 chain
/p/pool-rental-rules,404,56.0,56,2026-07-07,2026-09-22,0,0,0,0,0,core,False,/p/about,0.33,RESTORE — needs content (Derek/Brandon approval),/p/pool-rental-rules,REDIRECT,/p/standard-private-pool-rules-for-guests,equivalent
/p/pool-automation-and-smart-technology,404,54.0,44,2026-08-11,2026-09-23,0,0,0,2,0,general,False,/p/smart-home-tech-automation-pool-hosts,0.33,410,,REDIRECT,/p/pool-automation-systems-weighing-the-pros-and-cons-of-smart-pool-control,equivalent
/p/watsonville,404,54.0,54,2026-07-07,2026-09-23,0,0,0,0,0,general,False,/p/become-a-swimming-pool-host-watsonville-ca,0.2,410,,REDIRECT,/public-pools/california/watsonville/,"guest city intent, indexable hub"
/p/common-pool-problems-and-solutions,404,53.0,53,2026-07-07,2026-09-23,0,0,0,0,0,general,False,/p/pool-pump-troubleshooting-uk,0.33,410,,REDIRECT,/p/top-20-pool-problems-and-how-to-fix-them-fast,equivalent
/p/il-schaumburg,404,53.0,53,2026-07-08,2026-09-16,0,0,0,0,0,general,False,/p/become-a-swimming-pool-host-schaumburg-il,0.4,REDIRECT (closest topic),/p/become-a-swimming-pool-host-schaumburg-il,REDIRECT,/public-pools/illinois/schaumburg/,guest city intent; NOT the Schaumburg host page
/p/maximize-rental-income,404,53.0,53,2026-07-14,2026-09-25,0,0,0,0,0,core,False,/p/taxesforpoolhosts,0.5,REDIRECT (equivalent page),/p/taxesforpoolhosts,REDIRECT,/p/pool-host-pricing-strategy,host revenue topic
/p/pool-rental-insurance-guide,404,52.0,52,2026-07-09,2026-09-23,0,0,0,0,0,core,False,/p/about,0.33,RESTORE — needs content (Derek/Brandon approval) — INSURANCE TOPIC: Derek decides (rule 8),/p/pool-rental-insurance-guide,HOLD — Derek,,insurance topic (hard rule 8)
/p/es/dallas-renta-tu-alberca,404,51.0,51,2026-07-07,2026-09-24,0,0,0,0,0,core,False,/p/elearning-academy-como-empezar-publica-tu-alberca-es,0.3,RESTORE — needs content (Derek/Brandon approval),/p/es/dallas-renta-tu-alberca,REDIRECT,/p/conviertete-en-anfitrion-de-alberca-dallas-tx,Spanish host intent -> Spanish host page
/p/es/katy-gana-dinero-alberca,404,51.0,51,2026-07-06,2026-09-24,0,0,0,0,0,general,False,/p/conviertete-en-anfitrion-de-alberca-katy-tx,0.2,410,,REDIRECT,/p/conviertete-en-anfitrion-de-alberca-katy-tx,Spanish host intent -> Spanish host page
/p/app,404,49.0,49,2026-07-06,2026-09-25,0,0,0,0,0,general,False,,0,410,,410,,no app landing page exists
/p/vineyard,404,49.0,49,2026-07-07,2026-09-23,0,0,0,0,0,general,False,/p/become-a-swimming-pool-host-vineyard-ca,0.2,410,,410,,"ambiguous place name, no demand evidence beyond 404 hits"
/p/setting-rates,404,48.0,48,2026-07-12,2026-09-23,0,0,0,0,0,general,False,/p/setting-your-pool-rental-price,0.25,410,,REDIRECT,/p/pool-host-pricing-strategy,equivalent
/p/airbnb-for-pools,404,46.0,46,2026-07-10,2026-09-14,0,0,0,0,0,general,False,/p/airbnb-vs-pool-rental-near-me,0.25,410,,REDIRECT,/p/pool-rental-near-me-the-airbnb-of-pools,equivalent
/p/es/san-antonio-rentar-alberca,404,44.0,44,2026-07-07,2026-09-24,0,0,0,0,0,core,False,/p/conviertete-en-anfitrion-de-alberca-san-antonio-tx,0.3,RESTORE — needs content (Derek/Brandon approval),/p/es/san-antonio-rentar-alberca,REDIRECT,/public-pools/texas/san-antonio/,"guest intent (""rentar alberca"")"
/p/kentucky,404,44.0,44,2026-07-14,2026-09-25,0,0,0,0,0,general,False,/p/pool-rentals-kentucky,0.5,REDIRECT (equivalent page),/p/pool-rentals-kentucky,,,
/p/landscaping-around-your-pool,404,43.0,13,2026-08-14,2026-09-23,0,0,0,6,0,off-topic/maintenance,False,/p/elearning-academy-landscaping-for-privacy-noise-reduction,0.14,410,,,,
/p/pool-rental-income-tax-guide,404,43.0,43,2026-07-10,2026-09-22,0,0,0,0,0,core,False,/p/taxesforpoolhosts,0.75,REDIRECT (equivalent page),/p/taxesforpoolhosts,,,
/p/apply,404,42.0,42,2026-09-14,2026-09-25,0,0,0,0,0,general,False,,0,410,,,,
/p/how-to-clean-a-green-pool-fast,404,42.0,42,2026-07-13,2026-09-15,0,0,0,0,0,general,False,/p/green-pool-water-causes-and-fast-fixes,0.33,410,,,,
/p/es/austin-alquila-tu-alberca,404,41.0,41,2026-07-08,2026-09-24,0,0,0,0,0,general,False,/p/elearning-academy-como-empezar-publica-tu-alberca-es,0.3,410,,,,
/p/saltwater-vs-chlorine-pools,404,41.0,41,2026-07-14,2026-09-25,0,0,0,0,0,off-topic/maintenance,False,/p/best-chlorine-for-pools,0.5,REDIRECT (equivalent page),/p/best-chlorine-for-pools,,,
/p/best-pool-toys-for-rental,404,40.0,40,2026-07-08,2026-09-25,0,0,0,0,0,core,False,/p/about,0.33,RESTORE — needs content (Derek/Brandon approval),/p/best-pool-toys-for-rental,,,
/p/increase-rental-income,404,40.0,40,2026-07-13,2026-09-24,0,0,0,0,0,core,False,/p/taxesforpoolhosts,0.5,REDIRECT (equivalent page),/p/taxesforpoolhosts,,,
/p/best-pool-amenities,404,39.0,39,2026-07-14,2026-09-25,0,0,0,0,0,general,False,/p/best-photoshoots-pool-amenities,0.5,REDIRECT (equivalent page),/p/best-photoshoots-pool-amenities,,,
/p/pool-rental-rules-for-guests,404,39.0,39,2026-07-06,2026-09-23,0,0,0,0,0,core,False,/p/standard-private-pool-rules-for-guests,0.4,REDIRECT (closest topic),/p/standard-private-pool-rules-for-guests,,,
/p/pool-maintenance-costs,404,38.0,38,2026-07-14,2026-09-24,0,0,0,0,0,general,False,/p/pool-maintenance,0.5,REDIRECT (equivalent page),/p/pool-maintenance,,,
/p/pool-safety-guide,404,38.0,38,2026-07-13,2026-09-24,0,0,0,0,0,general,False,/p/pool-safety-essentials,0.5,REDIRECT (equivalent page),/p/pool-safety-essentials,,,
/p/wisconsin,404,38.0,38,2026-07-07,2026-09-23,0,0,0,0,0,general,False,/p/pool-rentals-wisconsin,0.5,REDIRECT (equivalent page),/p/pool-rentals-wisconsin,,,
/p/start-pool-rental-business,404,37.0,37,2026-08-11,2026-09-25,0,0,0,0,0,core,False,/p/swim-instructor-pool-rental,0.4,REDIRECT (closest topic),/p/swim-instructor-pool-rental,,,
/p/pool-rental-price-calculator,404,36.0,36,2026-07-08,2026-09-25,0,0,0,0,0,core,False,/p/setting-your-pool-rental-price,0.5,REDIRECT (equivalent page),/p/setting-your-pool-rental-price,,,
/p/backyard-amenities-guide,404,35.0,35,2026-07-11,2026-09-24,0,0,0,0,0,core,False,/p/best-photoshoots-pool-amenities,0.33,410,,,,
/p/il-arlington-heights,404,35.0,35,2026-07-14,2026-09-24,0,0,0,0,0,general,False,/p/become-a-swimming-pool-host-arlington-heights-il,0.5,REDIRECT (equivalent page),/p/become-a-swimming-pool-host-arlington-heights-il,,,
/p/il-peoria,404,35.0,35,2026-07-07,2026-09-15,0,0,0,0,0,general,False,/p/become-a-swimming-pool-host-peoria-il,0.4,REDIRECT (closest topic),/p/become-a-swimming-pool-host-peoria-il,,,
/p/managing-your-pool-rental-business,404,35.0,35,2026-07-10,2026-09-20,0,0,0,0,0,core,False,/p/swim-instructor-pool-rental,0.4,REDIRECT (closest topic),/p/swim-instructor-pool-rental,,,
/p/montgomeryville,404,35.0,30,2026-07-14,2026-09-23,0,0,0,1,0,general,False,/p/montgomeryville-pa,0.5,REDIRECT (equivalent page),/p/montgomeryville-pa,,,
/p/largo,404,33.0,33,2026-07-13,2026-09-24,0,0,0,0,0,general,False,/p/guide-to-quinceanera-pool-rental-largo-fl,0.25,410,,,,
/p/maintenance-guide,404,33.0,33,2026-07-06,2026-09-21,0,0,0,0,0,general,False,/p/pool-maintenance,1.0,REDIRECT (equivalent page),/p/pool-maintenance,,,
/p/maximize-pool-rental-income,404,33.0,33,2026-07-13,2026-09-24,0,0,0,0,0,core,False,/p/taxesforpoolhosts,0.5,REDIRECT (equivalent page),/p/taxesforpoolhosts,,,
/p/virginia,404,33.0,33,2026-07-07,2026-09-25,0,0,0,0,0,general,False,/p/pool-rentals-virginia,0.5,REDIRECT (equivalent page),/p/pool-rentals-virginia,,,
/p/cost-to-build-a-pool,404,32.0,32,2026-08-13,2026-09-21,0,0,0,0,0,general,False,/p/cost-of-building-a-pool-in-2026,0.25,410,,,,
/p/how-to-open-an-above-ground-pool,404,32.0,32,2026-07-07,2026-09-15,0,0,0,0,0,general,False,/p/pool-host-above-ground-pool,0.5,REDIRECT (equivalent page),/p/pool-host-above-ground-pool,,,
/p/il-springfield,404,32.0,32,2026-07-07,2026-09-24,0,0,0,0,0,general,False,/p/become-a-swimming-pool-host-springfield-il,0.4,REDIRECT (closest topic),/p/become-a-swimming-pool-host-springfield-il,,,
/p/pool-rental-income-calculator,404,32.0,32,2026-07-11,2026-09-25,0,0,0,0,0,core,False,/p/taxesforpoolhosts,0.5,REDIRECT (equivalent page),/p/taxesforpoolhosts,,,
/p/texas,404,32.0,32,2026-07-07,2026-09-20,0,0,0,0,0,general,False,/p/katytexas,0.5,REDIRECT (equivalent page),/p/katytexas,,,
/p/winterizing-your-pool,404,32.0,32,2026-07-14,2026-09-24,0,0,0,0,0,general,False,/p/winterizing-a-pool,1.0,REDIRECT (equivalent page),/p/winterizing-a-pool,,,
/p/il-decatur,404,31.0,31,2026-07-07,2026-09-15,0,0,0,0,0,general,False,/p/become-a-swimming-pool-host-decatur-il,0.4,REDIRECT (closest topic),/p/become-a-swimming-pool-host-decatur-il,,,
/p/liability-insurance-for-pool-rental-hosts,404,31.0,31,2026-07-06,2026-09-22,0,0,0,0,0,core,False,/p/insurance-guide-for-pool-owners,0.4,REDIRECT (closest topic) — INSURANCE TOPIC: Derek decides (rule 8),/p/insurance-guide-for-pool-owners,,,
/p/pool-maintenance-cost,404,31.0,31,2026-07-13,2026-09-22,0,0,0,0,0,general,False,/p/pool-maintenance,0.5,REDIRECT (equivalent page),/p/pool-maintenance,,,
/p/pool-rental-business-guide,404,31.0,31,2026-07-10,2026-09-25,0,0,0,0,0,core,False,/p/swim-instructor-pool-rental,0.5,REDIRECT (equivalent page),/p/swim-instructor-pool-rental,,,
/p/pool-rental-insurance-what-you-need-to-know,404,31.0,31,2026-07-10,2026-09-24,0,0,0,0,0,core,False,/p/insurance-guide-for-pool-owners,0.4,REDIRECT (closest topic) — INSURANCE TOPIC: Derek decides (rule 8),/p/insurance-guide-for-pool-owners,,,
/p/salt-water-pool-maintenance,404,31.0,31,2026-07-07,2026-09-18,0,0,0,0,0,off-topic/maintenance,False,/p/salt-pool-maintenance-achieve-crystal-clear-and-soft-pool-water-with-ease,0.38,REDIRECT (closest topic),/p/salt-pool-maintenance-achieve-crystal-clear-and-soft-pool-water-with-ease,,,
/p/washington,404,31.0,31,2026-07-07,2026-09-23,0,0,0,0,0,general,False,/p/pool-rentals-washington,0.5,REDIRECT (equivalent page),/p/pool-rentals-washington,,,
/p/bowling-green,404,30.0,30,2026-09-09,2026-09-22,0,0,0,0,0,general,False,/p/graduation-pool-party-bowling-green-ky,0.4,REDIRECT (closest topic),/p/graduation-pool-party-bowling-green-ky,,,
/p/bozeman,404,30.0,30,2026-09-09,2026-09-22,0,0,0,0,0,general,False,/p/become-a-swimming-pool-host-bozeman-mt,0.2,410,,,,
/p/how-to-keep-pool-water-clear,404,30.0,30,2026-07-08,2026-09-16,0,0,0,0,0,general,False,/p/cleanwatermanagementforpoolrentals,0.25,410,,,,
/p/il-bloomington,404,30.0,30,2026-07-08,2026-09-24,0,0,0,0,0,general,False,/p/graduation-pool-party-bloomington-il,0.5,REDIRECT (equivalent page),/p/graduation-pool-party-bloomington-il,,,
/p/il-champaign,404,30.0,30,2026-07-09,2026-09-18,0,0,0,0,0,general,False,/p/become-a-swimming-pool-host-champaign-il,0.4,REDIRECT (closest topic),/p/become-a-swimming-pool-host-champaign-il,,,
/p/il-des-plaines,404,30.0,30,2026-07-07,2026-09-25,0,0,0,0,0,general,False,/p/become-a-swimming-pool-host-des-plaines-il,0.5,REDIRECT (equivalent page),/p/become-a-swimming-pool-host-des-plaines-il,,,
/p/hosting),404,29.0,29,2026-07-12,2026-09-24,0,0,0,0,0,core,False,/p/hosting,1.0,REDIRECT (equivalent page),/p/hosting,,,
/p/il-bolingbrook,404,29.0,29,2026-07-08,2026-09-19,0,0,0,0,0,general,False,/p/become-a-swimming-pool-host-bolingbrook-il,0.4,REDIRECT (closest topic),/p/become-a-swimming-pool-host-bolingbrook-il,,,
/p/il-elgin,404,29.0,29,2026-07-07,2026-09-17,0,0,0,0,0,general,False,/p/become-a-swimming-pool-host-elgin-il,0.4,REDIRECT (closest topic),/p/become-a-swimming-pool-host-elgin-il,,,
/p/il-evanston,404,29.0,29,2026-07-07,2026-09-24,0,0,0,0,0,general,False,/p/become-a-swimming-pool-host-evanston-il,0.4,REDIRECT (closest topic),/p/become-a-swimming-pool-host-evanston-il,,,
/p/il-joliet,404,29.0,29,2026-07-07,2026-09-17,0,0,0,0,0,general,False,/p/joliet,1.0,REDIRECT (equivalent page),/p/joliet,,,
/p/il-palatine,404,29.0,29,2026-07-07,2026-09-15,0,0,0,0,0,general,False,/p/become-a-swimming-pool-host-palatine-il,0.4,REDIRECT (closest topic),/p/become-a-swimming-pool-host-palatine-il,,,
/p/il-rockford,404,29.0,29,2026-07-09,2026-09-23,0,0,0,0,0,general,False,/p/become-a-swimming-pool-host-rockford-il,0.4,REDIRECT (closest topic),/p/become-a-swimming-pool-host-rockford-il,,,
/p/pool-chemicals-guide,404,29.0,29,2026-07-07,2026-09-24,0,0,0,0,0,off-topic/maintenance,False,/p/too-many-pool-chemicals-risks-and-fixes,0.2,410,,,,
/p/pool-host-safety-checklist,404,29.0,29,2026-07-10,2026-09-23,0,0,0,0,0,core,False,/p/pool-host-checklist,0.67,REDIRECT (equivalent page),/p/pool-host-checklist,,,
/p/safety-tips,404,29.0,29,2026-07-06,2026-09-24,0,0,0,0,0,general,False,/p/check-inside-the-pool-safety-maintenance-and-tech-tips,0.33,410,,,,
/p/south-carolina,404,29.0,29,2026-07-07,2026-09-15,0,0,0,0,0,general,False,/p/pool-rentals-south-carolina,0.67,REDIRECT (equivalent page),/p/pool-rentals-south-carolina,,,
/p/utah,404,29.0,29,2026-07-07,2026-09-20,0,0,0,0,0,general,False,/p/pool-rentals-utah,0.5,REDIRECT (equivalent page),/p/pool-rentals-utah,,,
/p/boynton-beach,404,28.0,28,2026-09-09,2026-09-22,0,0,0,0,0,general,False,/p/become-a-swimming-pool-host-boynton-beach-fl,0.33,410,,,,
/p/cost-to-open-a-pool,404,28.0,28,2026-07-07,2026-09-13,0,0,0,0,0,general,False,/p/how-to-open-your-pool-for-summer,0.33,410,,,,
/p/il-chicago,404,28.0,28,2026-07-12,2026-09-25,0,0,0,0,0,general,False,/p/chicago,1.0,REDIRECT (equivalent page),/p/chicago,,,
/p/maximize-earnings,404,28.0,28,2026-08-16,2026-09-24,0,0,0,0,0,core,False,/p/antidis,0.33,410,,,,
/p/pool-rental-insurance-everything-you-need-to-know,404,28.0,28,2026-07-14,2026-09-24,0,0,0,0,0,core,False,/p/building-your-in-ground-pool-everything-you-need-to-know,0.43,REDIRECT (closest topic) — INSURANCE TOPIC: Derek decides (rule 8),/p/building-your-in-ground-pool-everything-you-need-to-know,,,
/p/pricing-strategy,404,28.0,28,2026-07-07,2026-09-15,0,0,0,0,0,core,False,/p/pool-host-pricing-strategy,0.67,REDIRECT (equivalent page),/p/pool-host-pricing-strategy,,,
/p/protect-your-pool,404,28.0,28,2026-07-08,2026-09-14,0,0,0,0,0,general,False,/p/pool-rental-protect,0.5,REDIRECT (equivalent page),/p/pool-rental-protect,,,
/p/1200,404,27.0,27,2026-09-08,2026-09-11,0,0,0,0,0,general,False,,0,410,,,,
/p/630,404,27.0,27,2026-09-08,2026-09-11,0,0,0,0,0,general,False,,0,410,,,,
/p/essential-pool-amenities-for-guests,404,27.0,27,2026-07-13,2026-09-24,0,0,0,0,0,core,False,/p/best-photoshoots-pool-amenities,0.25,410,,,,
/p/how-to-price-your-pool-rental,404,27.0,27,2026-07-13,2026-09-23,0,0,0,0,0,core,False,/p/setting-your-pool-rental-price,0.67,REDIRECT (equivalent page),/p/setting-your-pool-rental-price,,,
/p/il-cicero,404,27.0,27,2026-07-07,2026-09-24,0,0,0,0,0,general,False,/p/become-a-swimming-pool-host-cicero-il,0.4,REDIRECT (closest topic),/p/become-a-swimming-pool-host-cicero-il,,,
/p/il-naperville,404,27.0,27,2026-07-08,2026-09-23,0,0,0,0,0,general,False,/p/naperville,1.0,REDIRECT (equivalent page),/p/naperville,,,
/p/il-skokie,404,27.0,27,2026-07-09,2026-09-24,0,0,0,0,0,general,False,/p/become-a-swimming-pool-host-skokie-il,0.4,REDIRECT (closest topic),/p/become-a-swimming-pool-host-skokie-il,,,
/p/ny,404,27.0,27,2026-07-08,2026-09-25,0,0,0,0,0,general,False,/p/bellmore-ny,0.5,REDIRECT (equivalent page),/p/bellmore-ny,,,
/p/pool-rental-illinois,404,27.0,27,2026-07-11,2026-09-18,0,0,0,0,0,core,False,/p/guide-to-quinceanera-pool-rental-joliet-il,0.4,REDIRECT (closest topic),/p/guide-to-quinceanera-pool-rental-joliet-il,,,
/p/pool-rental-insurance-basics,404,27.0,27,2026-07-13,2026-09-24,0,0,0,0,0,core,False,/p/about,0.25,410 — INSURANCE TOPIC: Derek decides (rule 8),,,,
/p/pool-safety-requirements,404,27.0,22,2026-08-14,2026-09-25,0,0,0,1,0,general,False,/p/pool-safety-requirements-for-hosts,0.67,REDIRECT (equivalent page),/p/pool-safety-requirements-for-hosts,,,
/p/pool-water-problems-and-solutions,404,27.0,24,2026-07-13,2026-09-21,0,0,0,0,1,general,False,/p/cleanwatermanagementforpoolrentals,0.25,410,,,,
/p/spring-pool-opening-guide,404,27.0,27,2026-07-14,2026-09-25,0,0,0,0,0,general,False,/p/opening-a-pool,0.5,REDIRECT (equivalent page),/p/opening-a-pool,,,
/p/zephyrhills,404,27.0,27,2026-07-13,2026-09-18,0,0,0,0,0,general,False,/p/become-a-swimming-pool-host-zephyrhills-fl,0.2,410,,,,
/p/academy,404,26.0,26,2026-07-09,2026-09-21,0,0,0,0,0,general,False,/p/academy-catalog,0.5,REDIRECT (equivalent page),/p/academy-catalog,,,
/p/article,404,26.0,26,2026-09-08,2026-09-11,0,0,0,0,0,general,False,,0,410,,,,
/p/best-robotic-pool-cleaners,404,26.0,26,2026-07-14,2026-09-23,0,0,0,0,0,off-topic/maintenance,False,/p/pool-vacuums-cleaners,0.67,REDIRECT (equivalent page),/p/pool-vacuums-cleaners,,,
/p/es/houston-gana-dinero-alberca,404,26.0,26,2026-07-08,2026-09-14,0,0,0,0,0,general,False,/p/conviertete-en-anfitrion-de-alberca-houston-tx,0.2,410,,,,
/p/how-to-rent-out-your-pool-by-the-hour-the-ultimate-guide,404,26.0,26,2026-07-10,2026-09-21,0,0,0,0,0,core,False,/p/how-to-rent-out-your-pool,0.67,REDIRECT (equivalent page),/p/how-to-rent-out-your-pool,,,
/p/il-waukegan,404,26.0,26,2026-07-07,2026-09-15,0,0,0,0,0,general,False,/p/become-a-swimming-pool-host-waukegan-il,0.4,REDIRECT (closest topic),/p/become-a-swimming-pool-host-waukegan-il,,,
/p/maximize-your-pool-rental-income,404,26.0,26,2026-07-07,2026-09-22,0,0,0,0,0,core,False,/p/taxesforpoolhosts,0.5,REDIRECT (equivalent page),/p/taxesforpoolhosts,,,
/p/pool-equipment-maintenance-guide,404,26.0,26,2026-07-11,2026-09-14,0,0,0,0,0,general,False,/p/pool-maintenance,0.5,REDIRECT (equivalent page),/p/pool-maintenance,,,
/p/pool-safety-equipment-for-hosts,404,26.0,26,2026-07-12,2026-09-25,0,0,0,0,0,core,False,/p/safety-equipment-for-pool-hosts,1.0,REDIRECT (equivalent page),/p/safety-equipment-for-pool-hosts,,,
/p/pool-safety-hosting,404,26.0,26,2026-08-13,2026-09-22,0,0,0,0,0,core,False,/p/hosting,0.5,REDIRECT (equivalent page),/p/hosting,,,
/p/pool-service-cost-guide,404,26.0,26,2026-07-13,2026-09-23,0,0,0,0,0,general,False,/p/cost-of-building-a-pool-in-2026,0.25,410,,,,
/p/texas-pool-chemicals,404,26.0,26,2026-07-11,2026-09-24,0,0,0,0,0,off-topic/maintenance,False,/p/katytexas,0.33,410,,,,
/p/the-ultimate-pool-maintenance-checklist,404,26.0,26,2026-07-10,2026-09-18,0,0,0,0,0,general,False,/p/pool-maintenance,0.5,REDIRECT (equivalent page),/p/pool-maintenance,,,
/p/how-to-calculate-pool-volume,404,25.0,25,2026-07-07,2026-09-23,0,0,0,0,0,general,False,,0,410,,,,
/p/legal-guide-for-pool-hosts,404,25.0,25,2026-07-13,2026-09-20,0,0,0,0,0,core,False,/p/insuranceandlegalessentialsforpoolhostscourse,0.67,REDIRECT (equivalent page),/p/insuranceandlegalessentialsforpoolhostscourse,,,
/p/maintenance-tips,404,25.0,25,2026-07-13,2026-09-25,0,0,0,0,0,general,False,/p/pool-maintenance-tips,1.0,REDIRECT (equivalent page),/p/pool-maintenance-tips,,,
/p/maximize-pool-income,404,25.0,25,2026-08-13,2026-09-24,0,0,0,0,0,core,False,/p/maximize-pool-bookings,0.33,410,,,,
/p/pool-maintenance-tips-for-high-traffic-rentals,404,25.0,25,2026-07-14,2026-09-17,0,0,0,0,0,core,False,/p/pool-maintenance-tips,0.4,REDIRECT (closest topic),/p/pool-maintenance-tips,,,
/p/pool-rental-business,404,25.0,25,2026-07-08,2026-09-14,0,0,0,0,0,core,False,/p/swim-instructor-pool-rental,0.5,REDIRECT (equivalent page),/p/swim-instructor-pool-rental,,,
/p/pool-water-testing-101,404,25.0,25,2026-07-11,2026-09-23,0,0,0,0,0,general,False,/p/top-pool-maintenance-apps-water-testing-caretracking,0.29,410,,,,
/p/safety-guide,404,25.0,25,2026-07-06,2026-09-25,0,0,0,0,0,general,False,/p/pool-safety-essentials,0.5,REDIRECT (equivalent page),/p/pool-safety-essentials,,,
/p/a-pool-owners-guide-to-algae-prevention-and-treatment,404,24.0,24,2026-07-14,2026-09-24,0,0,0,0,0,off-topic/maintenance,False,/p/black-algae-in-pool-removal-and-prevention,0.33,410,,,,
/p/guest-check-in-tips,404,24.0,24,2026-07-11,2026-09-24,0,0,0,0,0,core,False,/p/fivestarguestcheckin,0.5,REDIRECT (equivalent page),/p/fivestarguestcheckin,,,
/p/how-much-can-i-earn-renting-out-my-pool,404,24.0,24,2026-07-11,2026-09-08,0,0,0,0,0,core,False,/p/how-much-can-i-rent-my-pool-for,0.5,REDIRECT (equivalent page),/p/how-much-can-i-rent-my-pool-for,,,
/p/how-much-can-i-make-renting-my-pool,404,24.0,24,2026-07-15,2026-09-19,0,0,0,0,0,core,False,/p/how-much-can-you-make-renting-your-pool,0.67,REDIRECT (equivalent page),/p/how-much-can-you-make-renting-your-pool,,,
/p/pool-cost-texas,404,24.0,24,2026-07-12,2026-09-23,0,0,0,0,0,general,False,/p/katytexas,0.33,410,,,,
/p/pool-fence-ideas,404,24.0,24,2026-07-09,2026-09-22,0,0,0,0,0,general,False,/p/poolside-brunch-ideas,0.25,410,,,,
/p/pool-landscaping-guide,404,24.0,21,2026-07-14,2026-09-15,0,0,0,0,1,off-topic/maintenance,False,/p/elearning-academy-landscaping-for-privacy-noise-reduction,0.17,410,,,,
/p/pool-rental-tax-deductions,404,24.0,24,2026-07-12,2026-09-24,0,0,0,0,0,core,False,/p/taxesforpoolhosts,0.5,REDIRECT (equivalent page),/p/taxesforpoolhosts,,,
/p/pool-rules-for-rental-hosts,404,24.0,24,2026-07-07,2026-08-30,0,0,0,0,0,core,False,/p/pool-rental-guarantees,0.5,REDIRECT (equivalent page),/p/pool-rental-guarantees,,,
/p/top-10-pool-rental-amenities,404,24.0,24,2026-07-15,2026-09-25,0,0,0,0,0,core,False,/p/top-pool-rental-platforms,0.4,REDIRECT (closest topic),/p/top-pool-rental-platforms,,,
/p/how-to-clear-a-green-pool,404,23.0,23,2026-07-06,2026-09-25,0,0,0,0,0,general,False,/p/green-pool-recovery,0.67,REDIRECT (equivalent page),/p/green-pool-recovery,,,
/p/operating-costs-of-a-swimming-pool,404,23.0,23,2026-07-12,2026-09-23,0,0,0,0,0,general,False,/p/2026-best-swimming-pools,0.25,410,,,,
/p/pool-heater-cost-calculator,404,23.0,23,2026-07-13,2026-09-20,0,0,0,0,0,off-topic/maintenance,False,/p/pool-heating-cost-calculator,0.5,REDIRECT (equivalent page),/p/pool-heating-cost-calculator,,,
/p/pool-rental-amenities,404,23.0,23,2026-07-14,2026-09-24,0,0,0,0,0,core,False,/p/about,0.33,410,,,,
/p/ultimate-guide-to-pool-maintenance-and-hosting-unforgettable-pool-parties,404,23.0,23,2026-07-07,2026-09-25,0,0,0,0,0,core,False,/p/ultimate-guide-to-maintaining-your-swimming-pool-and-hosting-unforgettable-pool-parties-in-the-usa,0.57,REDIRECT (equivalent page),/p/ultimate-guide-to-maintaining-your-swimming-pool-and-hosting-unforgettable-pool-parties-in-the-usa,,,
/p/ultimate-guide-to-pool-rental-apps,404,23.0,23,2026-07-13,2026-09-16,0,0,0,0,0,core,False,/p/about,0.33,410,,,,
/p/ultimate-guide-to-profitable-pool-hosting,404,23.0,23,2026-07-14,2026-09-23,0,0,0,0,0,core,False,/p/hosting,0.5,REDIRECT (equivalent page),/p/hosting,,,
/p/how-to-set-the-right-hourly-rate-for-your-pool,404,22.0,22,2026-07-14,2026-09-23,0,0,0,0,0,core,False,/p/pool-heating-guide-australia,0.17,410,,,,
/p/is-pool-rental-insurance-provided,404,22.0,22,2026-07-12,2026-09-24,0,0,0,0,0,core,False,/p/about,0.25,410 — INSURANCE TOPIC: Derek decides (rule 8),,,,
/p/lsi-pool-water-balance,404,22.0,22,2026-07-14,2026-09-24,0,0,0,0,0,general,False,/p/cleanwatermanagementforpoolrentals,0.25,410,,,,
/p/pool-chemical-safety-101,404,22.0,22,2026-07-13,2026-09-20,0,0,0,0,0,off-topic/maintenance,False,/p/pool-safety-essentials,0.25,410,,,,
/p/pool-rental-insurance-liability,404,22.0,22,2026-07-13,2026-09-22,0,0,0,0,0,core,False,/p/about,0.25,410 — INSURANCE TOPIC: Derek decides (rule 8),,,,
/p/prepare-backyard-for-pool-guests,404,22.0,22,2026-07-09,2026-09-12,0,0,0,0,0,core,False,/p/howitworksforguests,0.25,410,,,,
/p/backyard-oasis-tips,404,21.0,16,2026-08-14,2026-09-22,0,0,0,1,0,core,False,/p/howtoturnyourbackyardpoolintoabusinessasset,0.25,410,,,,
/p/diy-pool-cleaning-secrets,404,21.0,21,2026-07-11,2026-09-11,0,0,0,0,0,off-topic/maintenance,False,/p/blood-in-pool-cleaning-and-safety-guide,0.2,410,,,,
/p/howard-county-safety,404,21.0,21,2026-08-11,2026-09-09,0,0,0,0,0,general,False,/p/pool-safety-essentials,0.25,410,,,,
/p/liquid-chlorine-vs-tablet-chlorine,404,21.0,21,2026-07-12,2026-09-25,0,0,0,0,0,off-topic/maintenance,False,/p/best-chlorine-for-pools,0.33,410,,,,
/p/lower-cost-pool-ownership,404,21.0,21,2026-07-14,2026-09-12,0,0,0,0,0,general,False,/p/cost-of-building-a-pool-in-2026,0.2,410,,,,
/p/ohio-pool-build-costs,404,21.0,21,2026-07-07,2026-09-23,0,0,0,0,0,general,False,/p/pool-rentals-ohio,0.25,410,,,,
/p/perfect-guest-experience,404,21.0,11,2026-08-11,2026-09-24,0,0,0,2,0,core,False,/p/fivestarguestcheckin,0.25,410,,,,
/p/pool-chemical-management-for-new-owners,404,21.0,21,2026-07-11,2026-09-14,0,0,0,0,0,off-topic/maintenance,False,/p/cleanwatermanagementforpoolrentals,0.2,410,,,,
/p/pool-cleaning-101,404,21.0,21,2026-07-13,2026-09-21,0,0,0,0,0,off-topic/maintenance,False,/p/blood-in-pool-cleaning-and-safety-guide,0.25,410,,,,
/p/pool-maintenance-rental-properties,404,21.0,21,2026-07-13,2026-09-21,0,0,0,0,0,core,False,/p/pool-maintenance,0.33,410,,,,
/p/pool-privacy-tips,404,21.0,21,2026-07-13,2026-09-24,0,0,0,0,0,general,False,/p/pool-maintenance-tips,0.33,410,,,,
/p/pool-rental-cost,404,21.0,21,2026-07-14,2026-09-24,0,0,0,0,0,core,False,/p/about,0.33,410,,,,
/p/pool-rental-liability-insurance,404,21.0,21,2026-07-14,2026-09-25,0,0,0,0,0,core,False,/p/about,0.25,410 — INSURANCE TOPIC: Derek decides (rule 8),,,,
/p/pool-rental-taxes-guide,404,21.0,21,2026-07-07,2026-09-23,0,0,0,0,0,core,False,/p/pool-rental-taxes,1.0,REDIRECT (equivalent page),/p/pool-rental-taxes,,,
/p/preparing-your-backyard-for-guests,404,21.0,21,2026-07-13,2026-09-15,0,0,0,0,0,core,False,/p/howitworksforguests,0.25,410,,,,
/p/safety,404,21.0,21,2026-07-15,2026-09-23,0,0,0,0,0,general,False,/p/pool-safety-essentials,0.5,REDIRECT (equivalent page),/p/pool-safety-essentials,,,
/p/winterizing-mi-pools,404,21.0,21,2026-07-14,2026-09-15,0,0,0,0,0,general,False,/p/winterizing-a-pool,0.5,REDIRECT (equivalent page),/p/winterizing-a-pool,,,
/p/how-to-list-your-pool-for-rent,404,20.0,20,2026-07-12,2026-09-25,0,0,0,0,0,core,False,/p/list-your-pool,0.5,REDIRECT (equivalent page),/p/list-your-pool,,,
/p/is-it-safe-to-rent-out-your-pool,404,20.0,20,2026-07-14,2026-09-15,0,0,0,0,0,core,False,/p/is-it-legal-to-rent-out-your-pool,0.6,REDIRECT (equivalent page),/p/is-it-legal-to-rent-out-your-pool,,,
/p/managing-pool-rental-guests,404,20.0,20,2026-07-12,2026-09-24,0,0,0,0,0,core,False,/p/about,0.25,410,,,,
/p/pool-renovations-for-roi,404,20.0,20,2026-07-14,2026-09-22,0,0,0,0,0,general,False,/p/elearning-academy-mastering-digital-waivers-roi-calculators-signage,0.11,410,,,,
/p/pool-rules-for-your-rental-listing,404,20.0,20,2026-07-12,2026-09-22,0,0,0,0,0,core,False,/p/about,0.25,410,,,,
/p/safety-compliance,404,20.0,20,2026-08-12,2026-09-22,0,0,0,0,0,general,False,/p/pool-safety-essentials,0.33,410,,,,
/p/winterizing-your-pool-guide,404,20.0,20,2026-07-13,2026-09-25,0,0,0,0,0,general,False,/p/winterizing-a-pool,1.0,REDIRECT (equivalent page),/p/winterizing-a-pool,,,
/p/average-income,404,19.0,19,2026-07-08,2026-09-23,0,0,0,0,0,core,False,/p/taxesforpoolhosts,0.33,410,,,,
/p/best-ohio-pool-heaters,404,19.0,19,2026-07-14,2026-09-23,0,0,0,0,0,off-topic/maintenance,False,/p/pool-rentals-ohio,0.33,410,,,,
/p/essential-pool-amenities,404,19.0,19,2026-07-12,2026-09-11,0,0,0,0,0,general,False,/p/best-photoshoots-pool-amenities,0.33,410,,,,
/p/how-much-can-i-earn-renting-my-pool,404,19.0,14,2026-08-12,2026-09-24,0,0,0,1,0,core,False,/p/how-much-can-i-rent-my-pool-for,0.57,REDIRECT (equivalent page),/p/how-much-can-i-rent-my-pool-for,,,
/p/how-to-make-your-pool-a-rental,404,19.0,19,2026-07-15,2026-09-19,0,0,0,0,0,core,False,/p/about,0.33,410,,,,
/p/safety-rules-for-pool-hosts,404,19.0,19,2026-07-13,2026-09-25,0,0,0,0,0,core,False,/p/pool-safety-for-hosts,0.67,REDIRECT (equivalent page),/p/pool-safety-for-hosts,,,
/p/a-complete-guide-to-pool-safety-for-homeowners,404,18.0,18,2026-07-07,2026-09-22,0,0,0,0,0,general,False,/p/pool-maintenance,0.25,410,,,,
/p/best-amenities-for-pool-rentals,404,18.0,18,2026-07-10,2026-09-07,0,0,0,0,0,core,False,/p/pool-rentals,0.5,REDIRECT (equivalent page),/p/pool-rentals,,,
/p/cleaning-and-maintaining-your-pool-deck,404,18.0,18,2026-08-14,2026-09-25,0,0,0,0,0,off-topic/maintenance,False,/p/blood-in-pool-cleaning-and-safety-guide,0.2,410,,,,
/p/host-checklist,404,18.0,18,2026-07-13,2026-09-24,0,0,0,0,0,core,False,/p/pool-host-checklist,1.0,REDIRECT (equivalent page),/p/pool-host-checklist,,,
/p/how-much-can-you-earn-renting-your-pool,404,18.0,18,2026-07-15,2026-09-22,0,0,0,0,0,core,False,/p/how-much-can-you-make-renting-your-pool,0.6,REDIRECT (equivalent page),/p/how-much-can-you-make-renting-your-pool,,,
/p/how-to-clean-pool-after-party,404,18.0,18,2026-07-14,2026-09-13,0,0,0,0,0,core,False,/p/cleanwatermanagementforpoolrentals,0.25,410,,,,
/p/managing-pool-chemicals-for-high-usage,404,18.0,18,2026-07-13,2026-09-23,0,0,0,0,0,off-topic/maintenance,False,/p/elearning-academy-managing-high-risk-non-compliant-renters,0.2,410,,,,
/p/pool-chemical-safety-for-hosts,404,18.0,18,2026-07-07,2026-09-14,0,0,0,0,0,core,False,/p/pool-safety-for-hosts,0.67,REDIRECT (equivalent page),/p/pool-safety-for-hosts,,,
/p/ri,404,18.0,18,2026-07-10,2026-09-14,0,0,0,0,0,general,False,/p/providence,0.5,REDIRECT (equivalent page),/p/providence,,,
/p/safety-and-insurance-what-pool-hosts-need-to-know,404,18.0,18,2026-07-14,2026-09-06,0,0,0,0,0,core,False,/p/insurance-guide-for-pool-owners,0.5,REDIRECT (equivalent page) — INSURANCE TOPIC: Derek decides (rule 8),/p/insurance-guide-for-pool-owners,,,
/p/saltwater-vs-chlorine,404,18.0,18,2026-08-14,2026-09-24,0,0,0,0,0,off-topic/maintenance,False,/p/best-chlorine-for-pools,0.5,REDIRECT (equivalent page),/p/best-chlorine-for-pools,,,
/p/the-ultimate-guide-to-pool-chemicals,404,18.0,18,2026-07-07,2026-09-19,0,0,0,0,0,off-topic/maintenance,False,/p/too-many-pool-chemicals-risks-and-fixes,0.2,410,,,,
/p/the-ultimate-pool-host-checklist,404,18.0,18,2026-07-12,2026-09-22,0,0,0,0,0,core,False,/p/pool-host-checklist,1.0,REDIRECT (equivalent page),/p/pool-host-checklist,,,
/p/average-pool-rental-prices,404,17.0,17,2026-07-14,2026-09-01,0,0,0,0,0,core,False,/p/about,0.25,410,,,,
/p/expert-pool-service-and-maintenance-guide,404,17.0,17,2026-07-16,2026-09-22,0,0,0,0,0,general,False,/p/pool-maintenance,0.33,410,,,,
/p/how-to-make-your-pool-stand-out,404,17.0,17,2026-07-08,2026-09-22,0,0,0,0,0,general,False,/p/make-money-renting-out-your-pool,0.4,REDIRECT (closest topic),/p/make-money-renting-out-your-pool,,,
/p/maximizing-earnings,404,17.0,17,2026-07-13,2026-09-23,0,0,0,0,0,core,False,/p/antidis,0.33,410,,,,
/p/pool-rental-tips,404,17.0,17,2026-07-15,2026-09-14,0,0,0,0,0,core,False,/p/about,0.33,410,,,,
/p/website,404,17.0,17,2026-09-08,2026-09-11,0,0,0,0,0,general,False,,0,410,,,,
/p/),404,16.0,16,2026-07-10,2026-09-23,0,0,0,0,0,general,False,,0,410,,,,
/p/6859edfe-7af8-4b9e-9e13-b22b2617610f,404,16.0,16,2026-07-12,2026-09-25,0,0,0,0,0,general,False,,0,410,,,,
/p/eco-heating-tips,404,16.0,16,2026-07-14,2026-09-23,0,0,0,0,0,general,False,/p/pool-heating-guide-australia,0.25,410,,,,
/p/how-much-does-it-cost-to-build-an-in-ground-pool,404,16.0,16,2026-07-07,2026-09-14,0,0,0,0,0,general,False,/p/how-long-does-it-take-to-build-a-pool,0.38,REDIRECT (closest topic),/p/how-long-does-it-take-to-build-a-pool,,,
/p/how-to-prepare-your-pool-for-rental-guests,404,16.0,16,2026-07-06,2026-09-24,0,0,0,0,0,core,False,/p/about,0.25,410,,,,
/p/managing-pool-rental-schedule,404,16.0,16,2026-07-15,2026-09-23,0,0,0,0,0,core,False,/p/about,0.25,410,,,,
/p/pool-host-safety-rules,404,16.0,16,2026-07-07,2026-09-22,0,0,0,0,0,core,False,/p/pool-safety-rules-every-host-should-post,0.5,REDIRECT (equivalent page),/p/pool-safety-rules-every-host-should-post,,,
/p/pool-maintenance-guide-for-hosts,404,16.0,16,2026-07-13,2026-09-17,0,0,0,0,0,core,False,/p/pool-maintenance,0.5,REDIRECT (equivalent page),/p/pool-maintenance,,,
/p/pool-service-cost,404,16.0,16,2026-07-22,2026-09-25,0,0,0,0,0,general,False,/p/cost-of-building-a-pool-in-2026,0.25,410,,,,
/p/pool-water-chemistry-guide,404,16.0,16,2026-07-06,2026-09-23,0,0,0,0,0,general,False,/p/water-chemistry-basics,0.67,REDIRECT (equivalent page),/p/water-chemistry-basics,,,
/p/amenities,404,15.0,15,2026-07-12,2026-09-23,0,0,0,0,0,general,False,/p/best-photoshoots-pool-amenities,0.5,REDIRECT (equivalent page),/p/best-photoshoots-pool-amenities,,,
/p/bay-area-roi,404,15.0,15,2026-07-10,2026-09-15,0,0,0,0,0,general,False,/p/green-bay,0.25,410,,,,
/p/cleaning-guide,404,15.0,15,2026-07-15,2026-09-23,0,0,0,0,0,off-topic/maintenance,False,/p/blood-in-pool-cleaning-and-safety-guide,0.33,410,,,,
/p/elearning-academy-advanced-host-strategies,404,15.0,15,2026-07-08,2026-09-25,0,0,0,0,0,core,False,/p/elearning-academy-drowning-prevention-strategies,0.57,REDIRECT (equivalent page),/p/elearning-academy-drowning-prevention-strategies,,,
/p/elearning-academy-start-a-business-renting-out-your-pool,404,15.0,15,2026-07-10,2026-09-25,0,0,0,0,0,core,False,/p/elearning-academy-start-a-business-with-pool-rental-near-me-management,0.4,REDIRECT (closest topic),/p/elearning-academy-start-a-business-with-pool-rental-near-me-management,,,
/p/essential-pool-safety-gear,404,15.0,15,2026-07-15,2026-09-18,0,0,0,0,0,general,False,/p/pool-safety-essentials,0.25,410,,,,
/p/increase-your-pool-rental-income,404,15.0,15,2026-07-13,2026-09-23,0,0,0,0,0,core,False,/p/taxesforpoolhosts,0.5,REDIRECT (equivalent page),/p/taxesforpoolhosts,,,
/p/pool-rental-liability,404,15.0,15,2026-07-10,2026-09-01,0,0,0,0,0,core,False,/p/about,0.33,410 — INSURANCE TOPIC: Derek decides (rule 8),,,,
/p/ct,404,14.0,14,2026-07-15,2026-09-23,0,0,0,0,0,general,False,/p/riverside-ct,0.5,REDIRECT (equivalent page),/p/riverside-ct,,,
/p/how-to-clean-a-green-pool,404,14.0,14,2026-07-10,2026-09-17,0,0,0,0,0,general,False,/p/cleanwatermanagementforpoolrentals,0.33,410,,,,
/p/maximizing-rental-income,404,14.0,14,2026-07-15,2026-09-23,0,0,0,0,0,core,False,/p/taxesforpoolhosts,0.5,REDIRECT (equivalent page),/p/taxesforpoolhosts,,,
/p/pool-amenities-value,404,14.0,14,2026-07-13,2026-08-26,0,0,0,0,0,general,False,/p/best-photoshoots-pool-amenities,0.33,410,,,,
/p/pool-cleaning-tips,404,14.0,14,2026-07-13,2026-09-13,0,0,0,0,0,off-topic/maintenance,False,/p/pool-maintenance-tips,0.33,410,,,,
/p/preparing-your-pool-for-guests,404,14.0,14,2026-07-10,2026-09-14,0,0,0,0,0,core,False,/p/howitworksforguests,0.33,410,,,,
/p/safety-equipment-every-pool-host-needs,404,14.0,14,2026-08-14,2026-09-22,0,0,0,0,0,core,False,/p/pool-safety-rules-every-host-should-post,0.38,410,,,,
/p/tax-implications-renting-pool,404,14.0,9,2026-08-25,2026-09-25,0,0,0,1,0,core,False,/p/taxesforpoolhosts,0.5,REDIRECT (equivalent page),/p/taxesforpoolhosts,,,
/p/ultimate-pool-maintenance-guide,404,14.0,14,2026-08-14,2026-09-23,0,0,0,0,0,general,False,/p/pool-maintenance,1.0,REDIRECT (equivalent page),/p/pool-maintenance,,,
/p/elearning-academy-partnership-opportunities,404,13.0,13,2026-08-10,2026-09-24,0,0,0,0,0,core,False,/p/elearning-academy-ai-for-pool-hosts,0.33,410,,,,
/p/how-much-does-it-cost-to-rent-a-pool,404,13.0,13,2026-08-17,2026-09-25,0,0,0,0,0,core,False,/p/is-it-legal-to-rent-out-your-pool,0.29,410,,,,
/p/how-to-calculate-pool-rental-rates,404,13.0,13,2026-08-12,2026-09-23,0,0,0,0,0,core,False,/p/about,0.25,410,,,,
/p/in-ground-pool-maintenance,404,13.0,13,2026-08-14,2026-09-23,0,0,0,0,0,general,False,/p/pool-maintenance,0.5,REDIRECT (equivalent page),/p/pool-maintenance,,,
/p/liability-insurance-explained,404,13.0,13,2026-08-11,2026-09-09,0,0,0,0,0,core,False,/p/insurance-guide-for-pool-owners,0.25,410 — INSURANCE TOPIC: Derek decides (rule 8),,,,
/p/make-money-with-pool-rentals-no-pool-required,404,13.0,13,2026-07-07,2026-09-23,0,0,0,0,0,core,False,/p/make-money-with-pool-rentals,0.6,REDIRECT (equivalent page),/p/make-money-with-pool-rentals,,,
/p/ndlvx6f18gnzjw-blu6j4hjk3kfburijenjw-6o5zpu,404,13.0,13,2026-09-09,2026-09-11,0,0,0,0,0,general,False,,0,410,,,,
/p/passive-income-for-homeowners-rent-out-your-pool,404,13.0,13,2026-08-14,2026-09-24,0,0,0,0,0,core,False,/p/how-to-rent-out-your-pool,0.4,410,,,,
/p/pool-rental-rules-template,404,13.0,13,2026-08-21,2026-09-25,0,0,0,0,0,core,False,/p/pool-rental-agreement-template,0.5,REDIRECT (equivalent page),/p/pool-rental-agreement-template,,,
/p/prepare-pool-for-rental,404,13.0,13,2026-07-13,2026-09-25,0,0,0,0,0,core,False,/p/about,0.33,410,,,,
/p/what-is-the-best-pool-temperature-for-rentals,404,13.0,13,2026-08-15,2026-09-23,0,0,0,0,0,core,False,/p/pool-rentals,0.5,REDIRECT (equivalent page),/p/pool-rentals,,,
/p/common-pool-maintenance-mistakes,404,12.0,12,2026-07-11,2026-09-21,0,0,0,0,0,general,False,/p/pool-maintenance,0.33,410,,,,
/p/eco-friendly-pool-maintenance-tips,404,12.0,12,2026-08-14,2026-09-23,0,0,0,0,0,general,False,/p/pool-maintenance-tips,0.5,REDIRECT (equivalent page),/p/pool-maintenance-tips,,,
/p/is-it-legal-to-rent-my-pool,404,12.0,12,2026-08-14,2026-09-23,0,0,0,0,0,core,False,/p/is-it-legal-to-rent-out-your-pool,0.6,REDIRECT (equivalent page),/p/is-it-legal-to-rent-out-your-pool,,,
/p/link,404,12.0,12,2026-07-12,2026-09-25,0,0,0,0,0,general,False,,0,410,,,,
/p/pool-fence-laws-safety,404,12.0,12,2026-08-14,2026-09-15,0,0,0,0,0,general,False,/p/pool-fence-buying-guide-safety-materials-design,0.33,410,,,,
/p/pool-hosting-insurance-safety,404,12.0,12,2026-08-11,2026-09-23,0,0,0,0,0,core,False,/p/pool-safety-tech-guide-2026,0.4,410 — INSURANCE TOPIC: Derek decides (rule 8),,,,
/p/price-your-pool-rental,404,12.0,12,2026-08-14,2026-09-24,0,0,0,0,0,core,False,/p/setting-your-pool-rental-price,0.67,REDIRECT (equivalent page),/p/setting-your-pool-rental-price,,,
/p/winterizing-wa-pools,404,12.0,12,2026-08-15,2026-09-25,0,0,0,0,0,general,False,/p/winterizing-a-pool,0.5,REDIRECT (equivalent page),/p/winterizing-a-pool,,,
/p/best-apps-to-rent-a-pool-by-the-hour,404,11.0,11,2026-08-14,2026-09-23,0,0,0,0,0,core,False,/p/pool-party-ideas-summer-2026,0.29,410,,,,
/p/elearning-academy-how-to-get-5-star-reviews,404,11.0,11,2026-08-31,2026-09-13,0,0,0,0,0,core,False,/p/elearning-academy-the-psychology-of-5-star-reviews-engineered-delight,0.56,REDIRECT (equivalent page),/p/elearning-academy-the-psychology-of-5-star-reviews-engineered-delight,,,
/p/high-end-pool-features,404,11.0,11,2026-08-14,2026-09-24,0,0,0,0,0,general,False,/p/accessibility-features-inclusive-pools,0.2,410,,,,
/p/how-much-does-it-cost-to-buy-a-pool,404,11.0,11,2026-07-15,2026-09-14,0,0,0,0,0,general,False,/p/how-long-does-it-take-to-build-a-pool,0.25,410,,,,
/p/how-to-get-your-pool-ready-for-guests,404,11.0,11,2026-08-14,2026-09-24,0,0,0,0,0,core,False,/p/howitworksforguests,0.25,410,,,,
/p/how-to-prepare-your-pool-for-guests,404,11.0,11,2026-08-14,2026-09-22,0,0,0,0,0,core,False,/p/howitworksforguests,0.33,410,,,,
/p/improving-backyard-privacy,404,11.0,11,2026-08-12,2026-09-21,0,0,0,0,0,core,False,/p/howtoturnyourbackyardpoolintoabusinessasset,0.25,410,,,,
/p/insurance-for-pool-hosting,404,11.0,11,2026-08-11,2026-09-15,0,0,0,0,0,core,False,/p/hosting,0.5,REDIRECT (equivalent page) — INSURANCE TOPIC: Derek decides (rule 8),/p/hosting,,,
/p/managing-guest-expectations,404,11.0,11,2026-08-11,2026-09-24,0,0,0,0,0,core,False,/p/fivestarguestcheckin,0.25,410,,,,
/p/marketing-your-pool-rental,404,11.0,11,2026-08-21,2026-09-22,0,0,0,0,0,core,False,/p/about,0.33,410,,,,
/p/opening-your-pool-for-the-season,404,11.0,11,2026-08-11,2026-09-23,0,0,0,0,0,general,False,/p/opening-a-pool,1.0,REDIRECT (equivalent page),/p/opening-a-pool,,,
/p/pool-lighting-ideas,404,11.0,11,2026-08-14,2026-09-23,0,0,0,0,0,general,False,/p/poolside-brunch-ideas,0.25,410,,,,
/p/rules-for-renting-your-pool-to-strangers,404,11.0,11,2026-08-14,2026-09-23,0,0,0,0,0,core,False,/p/pool-rules-generator,0.25,410,,,,
/p/safety-requirements,404,11.0,11,2026-08-14,2026-09-14,0,0,0,0,0,general,False,/p/pool-safety-requirements-for-hosts,0.67,REDIRECT (equivalent page),/p/pool-safety-requirements-for-hosts,,,
/p/summer-maintenance-tips,404,11.0,11,2026-08-14,2026-09-25,0,0,0,0,0,general,False,/p/pool-maintenance-tips,0.67,REDIRECT (equivalent page),/p/pool-maintenance-tips,,,
/p/common-direct-pool-owner-questions,404,10.0,10,2026-08-14,2026-09-15,0,0,0,0,0,general,False,/p/faq,0.2,410,,,,
/p/elearning-academy-seasonal-revenue-strategies,404,10.0,10,2026-07-09,2026-09-16,0,0,0,0,0,core,False,/p/elearning-academy-drowning-prevention-strategies,0.43,410,,,,
/p/finding-cheap-pool-service,404,10.0,10,2026-08-26,2026-09-15,0,0,0,0,0,general,False,/p/large-pool-cleaning-service-guide,0.2,410,,,,
/p/guide-to-pool-cleaning-and-maintenance,404,10.0,10,2026-08-14,2026-09-24,0,0,0,0,0,off-topic/maintenance,False,/p/pool-maintenance,0.5,REDIRECT (equivalent page),/p/pool-maintenance,,,
/p/host-income-tips,404,10.0,10,2026-08-15,2026-09-25,0,0,0,0,0,core,False,/p/become-a-host,0.25,410,,,,
/p/how-to-balance-pool-chemicals,404,10.0,10,2026-08-14,2026-09-23,0,0,0,0,0,off-topic/maintenance,False,/p/too-many-pool-chemicals-risks-and-fixes,0.17,410,,,,
/p/how-to-make-money-with-your-pool,404,10.0,10,2026-08-15,2026-09-22,0,0,0,0,0,core,False,/p/make-money,1.0,REDIRECT (equivalent page),/p/make-money,,,
/p/insurance-explained,404,10.0,10,2026-08-16,2026-09-24,0,0,0,0,0,core,False,/p/insurance-guide-for-pool-owners,0.33,410 — INSURANCE TOPIC: Derek decides (rule 8),,,,
/p/marketing-your-pool,404,10.0,10,2026-08-23,2026-09-15,0,0,0,0,0,general,False,/p/host-marketing-playbook,0.33,410,,,,
/p/modernize-older-pool,404,10.0,10,2026-08-15,2026-09-25,0,0,0,0,0,general,False,,0,410,,,,
/p/opening-your-pool-for-the-summer,404,10.0,10,2026-08-14,2026-09-25,0,0,0,0,0,general,False,/p/opening-pool-for-summer,1.0,REDIRECT (equivalent page),/p/opening-pool-for-summer,,,
/p/perfect-pool-listing,404,10.0,10,2026-08-14,2026-09-24,0,0,0,0,0,core,False,/p/ai-listing-generator,0.25,410,,,,
/p/pool-hosting-safety-guide,404,10.0,10,2026-08-17,2026-09-22,0,0,0,0,0,core,False,/p/hosting,0.5,REDIRECT (equivalent page),/p/hosting,,,
/p/pool-operating-costs-guide,404,10.0,10,2026-08-12,2026-09-24,0,0,0,0,0,general,False,/p/elearning-academy-winterizing-your-rental-pool-off-season-protection-costs,0.11,410,,,,
/p/pool-rental-for-parties,404,10.0,10,2026-08-25,2026-09-22,0,0,0,0,0,core,False,/p/birthday-parties-pool-rental-policy,0.5,REDIRECT (equivalent page),/p/birthday-parties-pool-rental-policy,,,
/p/pool-rental-insurance-safety,404,10.0,10,2026-08-17,2026-09-18,0,0,0,0,0,core,False,/p/trustsafety,0.5,REDIRECT (equivalent page) — INSURANCE TOPIC: Derek decides (rule 8),/p/trustsafety,,,
/p/pool-rental-tips-for-professional-hosts,404,10.0,10,2026-08-20,2026-09-23,0,0,0,0,0,core,False,/p/pool-rental-guarantees,0.4,410,,,,
/p/pool-safety-fences,404,10.0,10,2026-08-14,2026-09-19,0,0,0,0,0,general,False,/p/pool-safety-essentials,0.33,410,,,,
/p/starting-a-pool-rental-business,404,10.0,10,2026-08-11,2026-09-17,0,0,0,0,0,core,False,/p/swim-instructor-pool-rental,0.4,410,,,,
/p/backyard-marketing,404,9.0,9,2026-08-13,2026-09-24,0,0,0,0,0,core,False,/p/howtoturnyourbackyardpoolintoabusinessasset,0.33,410,,,,
/p/elearning-academy-llc-formation-for-pool-hosts,404,9.0,9,2026-07-14,2026-09-15,0,0,0,0,0,core,False,/p/elearning-academy-ai-for-pool-hosts,0.5,REDIRECT (equivalent page),/p/elearning-academy-ai-for-pool-hosts,,,
/p/how-to-clean-a-pool-filter,404,9.0,9,2026-08-14,2026-09-24,0,0,0,0,0,off-topic/maintenance,False,/p/cleanwatermanagementforpoolrentals,0.33,410,,,,
/p/increase-rental-value,404,9.0,9,2026-08-21,2026-09-19,0,0,0,0,0,core,False,/p/about,0.25,410,,,,
/p/maryland-pool-maintenance,404,9.0,9,2026-08-13,2026-09-11,0,0,0,0,0,general,False,/p/pool-maintenance,0.5,REDIRECT (equivalent page),/p/pool-maintenance,,,
/p/maximizing-pool-income,404,9.0,9,2026-08-11,2026-09-24,0,0,0,0,0,core,False,/p/taxesforpoolhosts,0.33,410,,,,
/p/miami,404,9.0,9,2026-07-15,2026-09-17,0,0,0,0,0,general,False,/p/become-a-swimming-pool-host-miami-fl,0.2,410,,,,
/p/pool-chemical-balance,404,9.0,9,2026-08-14,2026-09-25,0,0,0,0,0,off-topic/maintenance,False,/p/become-a-swimming-pool-host-indianapolis-city-balance-in,0.14,410,,,,
/p/pool-cleaning-for-hosts,404,9.0,9,2026-08-15,2026-09-22,0,0,0,0,0,core,False,/p/blood-in-pool-cleaning-and-safety-guide,0.5,REDIRECT (equivalent page),/p/blood-in-pool-cleaning-and-safety-guide,,,
/p/pool-heating-costs,404,9.0,9,2026-08-14,2026-09-16,0,0,0,0,0,general,False,/p/pool-heating-guide-australia,0.33,410,,,,
/p/pool-rental-marketing-for-beginners,404,9.0,9,2026-08-20,2026-09-20,0,0,0,0,0,core,False,/p/about,0.25,410,,,,
/p/pool-safety-rules,404,9.0,9,2026-08-15,2026-09-15,0,0,0,0,0,general,False,/p/pool-rules-generator,0.33,410,,,,
/p/post-party-cleanup-guide,404,9.0,9,2026-08-21,2026-09-18,0,0,0,0,0,core,False,/p/how-to-host-a-pool-party,0.25,410,,,,
/p/pricing-pool-rental,404,9.0,9,2026-08-23,2026-09-16,0,0,0,0,0,core,False,/p/pool-rental-pricing-strategy,0.67,REDIRECT (equivalent page),/p/pool-rental-pricing-strategy,,,
/p/safety-rules,404,9.0,9,2026-08-14,2026-09-15,0,0,0,0,0,general,False,/p/pool-rules-generator,0.33,410,,,,
/p/salt-water-pool-vs-chlorine-which-is-better,404,9.0,9,2026-07-15,2026-09-14,0,0,0,0,0,off-topic/maintenance,False,/p/water-chemistry-basics,0.29,410,,,,
/p/san-mateo-safety,404,9.0,9,2026-08-14,2026-09-24,0,0,0,0,0,general,False,/p/swim-instructor-pool-rental-san-mateo,0.33,410,,,,
/p/top-backyard-guest-amenities,404,9.0,9,2026-08-28,2026-09-24,0,0,0,0,0,core,False,/p/best-photoshoots-pool-amenities,0.2,410,,,,
/p/what-is-a-plunge-pool,404,9.0,9,2026-07-10,2026-09-19,0,0,0,0,0,general,False,/p/elearning-academy-cold-plunge-wellness-soak-hosting-off-season-revenue,0.1,410,,,,
/p/average-pool-maintenance-cost,404,8.0,8,2026-07-22,2026-09-06,0,0,0,0,0,general,False,/p/pool-maintenance,0.33,410,,,,
/p/backyard-amenities-for-rental-income,404,8.0,8,2026-08-23,2026-09-24,0,0,0,0,0,core,False,/p/taxesforpoolhosts,0.4,410,,,,
/p/backyard-pool-lighting-ideas,404,8.0,8,2026-08-15,2026-09-15,0,0,0,0,0,core,False,/p/howtoturnyourbackyardpoolintoabusinessasset,0.25,410,,,,
/p/backyard-privacy-landscaping,404,8.0,8,2026-08-14,2026-09-15,0,0,0,0,0,core,False,/p/elearning-academy-landscaping-for-privacy-noise-reduction,0.29,410,,,,
/p/chlorine-vs-salt,404,8.0,8,2026-08-15,2026-09-22,0,0,0,0,0,off-topic/maintenance,False,/p/best-chlorine-for-pools,0.5,REDIRECT (equivalent page),/p/best-chlorine-for-pools,,,
/p/closing-your-pool-for-the-winter,404,8.0,8,2026-08-16,2026-09-15,0,0,0,0,0,general,False,/p/winterizing-a-pool,0.33,410,,,,
/p/how-much-does-it-cost-to-build-a-pool,404,8.0,8,2026-07-10,2026-09-14,0,0,0,0,0,general,False,/p/how-long-does-it-take-to-build-a-pool,0.43,410,,,,
/p/how-to-balance-pool-water,404,8.0,8,2026-08-15,2026-09-16,0,0,0,0,0,general,False,/p/cleanwatermanagementforpoolrentals,0.33,410,,,,
/p/how-to-rent-your-pool-for-money,404,8.0,8,2026-08-20,2026-09-16,0,0,0,0,0,core,False,/p/how-to-rent-out-your-pool,0.33,410,,,,
/p/insurance,404,8.0,8,2026-07-09,2026-08-26,0,0,0,0,0,core,False,/p/insurance-guide-for-pool-owners,0.5,REDIRECT (equivalent page) — INSURANCE TOPIC: Derek decides (rule 8),/p/insurance-guide-for-pool-owners,,,
/p/maintenance,404,8.0,8,2026-08-16,2026-09-23,0,0,0,0,0,general,False,/p/pool-maintenance,1.0,REDIRECT (equivalent page),/p/pool-maintenance,,,
/p/pool-house-rules,404,8.0,8,2026-08-23,2026-09-09,0,0,0,0,0,general,False,/p/pool-rules-generator,0.33,410,,,,
/p/pool-safety-gear,404,8.0,8,2026-08-15,2026-09-22,0,0,0,0,0,general,False,/p/pool-safety-essentials,0.33,410,,,,
/p/standard-pool-size-guide-how-long-is-an-olympic-pool,404,8.0,8,2026-07-10,2026-09-24,0,0,0,0,0,general,False,/p/standard-private-pool-rules-for-guests,0.14,410,,,,
/p/the-green-transformation-what-happens-when-a-pool-is-neglected,404,8.0,8,2026-07-09,2026-09-13,0,0,0,0,0,general,False,/p/green-bay,0.17,410,,,,
/p/elearning-academy-email-marketing-campaigns,404,7.0,7,2026-08-08,2026-09-17,0,0,0,0,0,core,False,/p/elearning-academy-content-marketing-for-pool-rentals,0.43,410,,,,
/p/elearning-academy-scaling-your-pool-rental-business,404,7.0,7,2026-07-09,2026-09-07,0,0,0,0,0,core,False,/p/elearning-academy-forming-llc-for-your-pool-rental-business-for-hosts,0.5,REDIRECT (equivalent page),/p/elearning-academy-forming-llc-for-your-pool-rental-business-for-hosts,,,
/p/m-tiki-to-casino-nights,404,7.0,7,2026-07-31,2026-09-16,0,0,0,0,0,general,False,/p/themed-pool-parties-for-adults-from-tiki-to-casino-nights,0.43,410,,,,
/p/pool-amenity-roi,404,7.0,7,2026-07-13,2026-09-11,0,0,0,0,0,general,False,/p/elearning-academy-mastering-digital-waivers-roi-calculators-signage,0.11,410,,,,
/p/rent-a-swimming-pool-menifee-ca-lakeland-village,404,7.0,7,2026-07-09,2026-09-25,0,0,0,0,0,core,False,/p/rent-a-swimming-pool-fontana-ca,0.43,410,,,,
/p/safety-requirements-for-pool-hosting,404,7.0,7,2026-08-14,2026-09-23,0,0,0,0,0,core,False,/p/pool-safety-requirements-for-hosts,0.5,REDIRECT (equivalent page),/p/pool-safety-requirements-for-hosts,,,
/p/starting-a-pool-rental,404,7.0,7,2026-08-22,2026-09-25,0,0,0,0,0,core,False,/p/about,0.33,410,,,,
/p/the-evolution-of-pool-design-a-brief-history,404,7.0,7,2026-07-08,2026-09-23,0,0,0,0,0,off-topic/maintenance,False,/p/antidis,0.2,410,,,,
/p/tips-for-maintaining-your-pool,404,7.0,7,2026-08-14,2026-09-15,0,0,0,0,0,general,False,/p/pool-maintenance-tips,0.33,410,,,,
/p/winterizing-pa-pools,404,7.0,7,2026-08-15,2026-09-17,0,0,0,0,0,general,False,/p/winterizing-a-pool,0.5,REDIRECT (equivalent page),/p/winterizing-a-pool,,,
/p/alabama,404,6.0,6,2026-09-08,2026-09-08,0,0,0,0,0,general,False,/p/pool-rentals-alabama,0.5,REDIRECT (equivalent page),/p/pool-rentals-alabama,,,
/p/budgeting-for-a-pool-cost-effective-strategies,404,6.0,6,2026-07-13,2026-08-24,0,0,0,0,0,general,False,/p/cost-of-building-a-pool-in-2026,0.17,410,,,,
/p/elearning-academy-photography-tips,404,6.0,6,2026-08-08,2026-09-23,0,0,0,0,0,core,False,/p/pool-photography-tips,0.5,REDIRECT (equivalent page),/p/pool-photography-tips,,,
/p/elearning-academy-social-media-marketing,404,6.0,6,2026-07-06,2026-09-23,0,0,0,0,0,core,False,/p/elearning-academy-effortless-social-media-management-with-buffer,0.5,REDIRECT (equivalent page),/p/elearning-academy-effortless-social-media-management-with-buffer,,,
/p/how-to-clean-pool-after-rental,404,6.0,6,2026-07-14,2026-09-24,0,0,0,0,0,core,False,/p/about,0.25,410,,,,
/p/income-optimization,404,6.0,6,2026-08-22,2026-09-15,0,0,0,0,0,core,False,/p/taxesforpoolhosts,0.33,410,,,,
/p/pool-cleaner-cost,404,6.0,6,2026-08-24,2026-09-14,0,0,0,0,0,general,False,/p/cost-of-building-a-pool-in-2026,0.25,410,,,,
/p/pool-landscaping-tips,404,6.0,6,2026-08-15,2026-09-22,0,0,0,0,0,off-topic/maintenance,False,/p/pool-maintenance-tips,0.33,410,,,,
/p/pool-rental-liability-insurance-for-hosts,404,6.0,6,2026-07-09,2026-08-03,0,0,0,0,0,core,False,/p/insurance-guide-for-pool-owners,0.4,410 — INSURANCE TOPIC: Derek decides (rule 8),,,,
/p/pool-safety-equipment,404,6.0,6,2026-08-21,2026-09-14,0,0,0,0,0,general,False,/p/safety-equipment-for-pool-hosts,0.67,REDIRECT (equivalent page),/p/safety-equipment-for-pool-hosts,,,
/p/prepare-pool-rentals,404,6.0,6,2026-07-15,2026-09-06,0,0,0,0,0,core,False,/p/pool-rentals,0.5,REDIRECT (equivalent page),/p/pool-rentals,,,
/p/rent-a-swimming-pool-katy-texas-cypress-river-oasis,404,6.0,6,2026-08-24,2026-09-25,0,0,0,0,0,core,False,/p/katytexas,0.38,410,,,,
/p/saltwater-vs-chlorine-for-rental-pools,404,6.0,6,2026-09-08,2026-09-23,0,0,0,0,0,core,False,/p/best-chlorine-for-pools,0.33,410,,,,
/p/tips-for-successful-pool-hosting,404,6.0,6,2026-08-12,2026-09-14,0,0,0,0,0,core,False,/p/hosting,0.33,410,,,,
/p/backyard-rental-tips,404,5.0,5,2026-08-30,2026-09-22,0,0,0,0,0,core,False,/p/about,0.25,410,,,,
/p/elearning-academy-advanced-water-chemistry,404,5.0,5,2026-07-12,2026-09-05,0,0,0,0,0,core,False,/p/elearning-academy-advanced-water-chemistry-for-pool-hosts,0.83,REDIRECT (equivalent page),/p/elearning-academy-advanced-water-chemistry-for-pool-hosts,,,
/p/elearning-academy-become-a-top-host,404,5.0,5,2026-08-22,2026-09-16,0,0,0,0,0,core,False,/p/elearning-academy-become-a-top-host-transforming-pool-rentals,0.71,REDIRECT (equivalent page),/p/elearning-academy-become-a-top-host-transforming-pool-rentals,,,
/p/elearning-academy-cleanwatermanagementforpoolrentals,404,5.0,5,2026-08-10,2026-09-17,0,0,0,0,0,core,False,/p/elearning-academy-ai-for-pool-hosts,0.4,410,,,,
/p/elearning-academy-fivestarguestcheckin,404,5.0,5,2026-08-09,2026-09-17,0,0,0,0,0,core,False,/p/elearning-academy-ai-for-pool-hosts,0.4,410,,,,
/p/elearning-academy-guest-experience-optimization,404,5.0,5,2026-07-09,2026-09-24,0,0,0,0,0,core,False,/p/elearning-academy-guest-pool-etiquette-guide,0.5,REDIRECT (equivalent page),/p/elearning-academy-guest-pool-etiquette-guide,,,
/p/elearning-academy-insuranceandlegalessentialsforpoolhostscourse,404,5.0,5,2026-07-10,2026-09-16,0,0,0,0,0,core,False,/p/elearning-academy-ai-for-pool-hosts,0.4,410 — INSURANCE TOPIC: Derek decides (rule 8),,,,
/p/elearning-academy-pool-rental-business-plan,404,5.0,5,2026-07-08,2026-09-13,0,0,0,0,0,core,False,/p/elearning-academy-forming-llc-for-your-pool-rental-business-for-hosts,0.5,REDIRECT (equivalent page),/p/elearning-academy-forming-llc-for-your-pool-rental-business-for-hosts,,,
/p/elearning-academy-pool-safety-for-hosts,404,5.0,5,2026-07-14,2026-09-14,0,0,0,0,0,core,False,/p/elearning-academy-swimming-pool-safety-for-hosts,0.8,REDIRECT (equivalent page),/p/elearning-academy-swimming-pool-safety-for-hosts,,,
/p/elearning-academy-upselling-pool-amenities,404,5.0,5,2026-07-08,2026-09-16,0,0,0,0,0,core,False,/p/elearning-academy-maximizing-revenue-upselling-pool-amenities,0.67,REDIRECT (equivalent page),/p/elearning-academy-maximizing-revenue-upselling-pool-amenities,,,
/p/how-to-rent-out-your-pool-for-money,404,5.0,5,2026-07-30,2026-09-09,0,0,0,0,0,core,False,/p/how-to-rent-out-your-pool,0.67,REDIRECT (equivalent page),/p/how-to-rent-out-your-pool,,,
/p/indoor-pool-rentals,404,5.0,5,2026-09-04,2026-09-08,0,0,0,0,0,core,False,/p/indoor-pool-rentals-near-me,0.5,REDIRECT (equivalent page),/p/indoor-pool-rentals-near-me,,,
/p/las-vegas,404,5.0,5,2026-07-16,2026-09-14,0,0,0,0,0,general,False,/p/las-vegas-search-page,0.5,REDIRECT (equivalent page),/p/las-vegas-search-page,,,
/p/pool-fence-ideas-and-costs,404,5.0,5,2026-08-22,2026-09-22,0,0,0,0,0,general,False,/p/poolside-brunch-ideas,0.2,410,,,,
/p/pool-rental-arizona,404,5.0,5,2026-08-25,2026-09-22,0,0,0,0,0,core,False,/p/guide-to-quinceanera-pool-rental-buckeye-az,0.4,410,,,,
/p/preparing-your-pool-for-rental-guests,404,5.0,5,2026-08-28,2026-09-14,0,0,0,0,0,core,False,/p/about,0.25,410,,,,
/p/pricing-your-pool,404,5.0,5,2026-08-13,2026-09-17,0,0,0,0,0,core,False,/p/pool-host-pricing-strategy,0.33,410,,,,
/p/small-pool-backyard-ideas,404,5.0,5,2026-08-26,2026-09-14,0,0,0,0,0,core,False,/p/howtoturnyourbackyardpoolintoabusinessasset,0.25,410,,,,
/p/smart-pool-rules-for-your-rental,404,5.0,5,2026-08-12,2026-09-14,0,0,0,0,0,core,False,/p/about,0.25,410,,,,
/p/tax-write-offs-for-pool-hosts,404,5.0,5,2026-07-12,2026-09-05,0,0,0,0,0,core,False,/p/pool-rental-tax-write-offs-canada,0.67,REDIRECT (equivalent page),/p/pool-rental-tax-write-offs-canada,,,
/p/common-pool-chlorinator-issues-and-how-to-address-them-for-a-better-pool-rental-experience,404,4.0,4,2026-08-27,2026-08-31,0,0,0,0,0,core,False,/p/rainy-day-how-to-salvage-your-pool-rental-experience,0.18,410,,,,
/p/creating-a-theme-for-your-pool-tips-and-ideas,404,4.0,4,2026-07-18,2026-09-23,0,0,0,0,0,general,False,/p/pool-maintenance-tips,0.2,410,,,,
/p/elearning-academy-emergency-response-training,404,4.0,4,2026-08-12,2026-09-16,0,0,0,0,0,core,False,/p/elearning-academy-drowning-response-in-pools-for-hosts,0.43,410,,,,
/p/elearning-academy-pricing-dynamic-revenue,404,4.0,4,2026-07-07,2026-09-05,0,0,0,0,0,core,False,/p/elearning-academy-pricing-and-dynamic-revenue-management-guide,0.83,REDIRECT (equivalent page),/p/elearning-academy-pricing-and-dynamic-revenue-management-guide,,,
/p/florida,404,4.0,4,2026-09-08,2026-09-08,0,0,0,0,0,general,False,/p/pool-rentals-florida,0.5,REDIRECT (equivalent page),/p/pool-rentals-florida,,,
/p/hosting-tips-for-private-pool-owners,404,4.0,4,2026-08-26,2026-09-14,0,0,0,0,0,core,False,/p/hosting,0.25,410,,,,
/p/how-much-to-rent-out-pool-for,404,4.0,4,2026-09-05,2026-09-22,0,0,0,0,0,core,False,/p/how-to-rent-out-your-pool,0.67,REDIRECT (equivalent page),/p/how-to-rent-out-your-pool,,,
/p/how-to-become-a-pool-host,404,4.0,4,2026-08-25,2026-09-15,0,0,0,0,0,core,False,/p/become-a-host,1.0,REDIRECT (equivalent page),/p/become-a-host,,,
/p/how-to-make-your-pool-rental-stand-out,404,4.0,4,2026-07-07,2026-09-24,0,0,0,0,0,core,False,/p/make-money-renting-out-your-pool,0.33,410,,,,
/p/how-to-remove-calcium-scaling,404,4.0,4,2026-08-16,2026-09-14,0,0,0,0,0,general,False,/p/how-to-remove-sand-from-your-pool,0.25,410,,,,
/p/indoor-pools,404,4.0,4,2026-09-04,2026-09-14,0,0,0,0,0,general,False,/p/indoor-pool-rentals-near-me,0.25,410,,,,
/p/insurance-coverage-for-pool-hosts,404,4.0,4,2026-07-07,2026-09-05,0,0,0,0,0,core,False,/p/insurance-guide-for-pool-owners,0.5,REDIRECT (equivalent page) — INSURANCE TOPIC: Derek decides (rule 8),/p/insurance-guide-for-pool-owners,,,
/p/managing-bather-loads,404,4.0,4,2026-08-26,2026-09-15,0,0,0,0,0,general,False,/p/elearning-academy-managing-parking-neighborhood-traffic-flow,0.11,410,,,,
/p/maximizing-host-income,404,4.0,4,2026-08-26,2026-09-14,0,0,0,0,0,core,False,/p/become-a-host,0.25,410,,,,
/p/pool-chemicals-101,404,4.0,4,2026-08-27,2026-09-14,0,0,0,0,0,off-topic/maintenance,False,/p/too-many-pool-chemicals-risks-and-fixes,0.17,410,,,,
/p/pool-heaters,404,4.0,4,2026-09-02,2026-09-14,0,0,0,0,0,off-topic/maintenance,False,,0,410,,,,
/p/pool-maintenance-for-hosts,404,4.0,4,2026-08-25,2026-09-09,0,0,0,0,0,core,False,/p/pool-maintenance,0.5,REDIRECT (equivalent page),/p/pool-maintenance,,,
/p/pool-rental-for-birthday-parties,404,4.0,4,2026-08-25,2026-09-22,0,0,0,0,0,core,False,/p/birthday-parties-pool-rental-policy,0.75,REDIRECT (equivalent page),/p/birthday-parties-pool-rental-policy,,,
/p/pool-rental-insurance-everything-hosts-need-to-know,404,4.0,4,2026-08-26,2026-09-18,0,0,0,0,0,core,False,/p/insurance-guide-for-pool-owners,0.43,410 — INSURANCE TOPIC: Derek decides (rule 8),,,,
/p/pool-rental-safety-standards,404,4.0,4,2026-08-26,2026-09-14,0,0,0,0,0,core,False,/p/trustsafety,0.5,REDIRECT (equivalent page),/p/trustsafety,,,
/p/pool-skimmer-maintenance,404,4.0,4,2026-09-05,2026-09-14,0,0,0,0,0,general,False,/p/pool-maintenance,0.5,REDIRECT (equivalent page),/p/pool-maintenance,,,
/p/rent-a-pool-for-dogs,404,4.0,4,2026-08-25,2026-09-13,0,0,0,0,0,core,False,/p/how-to-rent-out-your-pool,0.33,410,,,,
/p/rent-a-swimming-pool-las-vegas-summerlin,404,4.0,4,2026-07-09,2026-09-13,0,0,0,0,0,core,False,/p/become-a-swimming-pool-host-las-vegas-nm,0.38,410,,,,
/p/setting-your-hourly-pool-rental-rate,404,4.0,4,2026-08-30,2026-09-14,0,0,0,0,0,core,False,/p/setting-your-pool-rental-price,0.4,410,,,,
/p/terms,404,4.0,4,2026-07-24,2026-07-24,0,0,0,0,0,general,False,,0,410,,,,
/p/the-essential-pool-host-checklist,404,4.0,4,2026-08-25,2026-09-18,0,0,0,0,0,core,False,/p/pool-host-checklist,0.67,REDIRECT (equivalent page),/p/pool-host-checklist,,,
/p/ultimate,404,4.0,1,2026-09-18,2026-09-18,0,0,0,0,1,general,False,,0,410,,,,
/p/users,404,4.0,4,2026-08-28,2026-09-14,0,0,0,0,0,general,False,,0,410,,,,
/p/wyoming,404,4.0,4,2026-09-08,2026-09-08,0,0,0,0,0,general,False,/p/pool-rentals-wyoming,0.5,REDIRECT (equivalent page),/p/pool-rentals-wyoming,,,
/p/zero-drowning-initiative,404,4.0,4,2026-07-10,2026-09-05,0,0,0,0,0,general,False,/p/ai-cameras-pool-safety-drowning-prevention,0.14,410,,,,
/p/100-niche-pool-rental-ideas,404,3.0,3,2026-08-07,2026-09-06,0,0,0,0,0,core,False,/p/100-niche-ideas-for-branding-your-pool-rental-business,0.67,REDIRECT (equivalent page),/p/100-niche-ideas-for-branding-your-pool-rental-business,,,
/p/2021,404,3.0,3,2026-08-28,2026-08-28,0,0,0,0,0,general,False,,0,410,,,,
/p/2022,404,3.0,3,2026-08-28,2026-08-28,0,0,0,0,0,general,False,,0,410,,,,
/p/2023,404,3.0,3,2026-08-28,2026-08-28,0,0,0,0,0,general,False,/p/swimming-pool-accidents-2023-2024-news-and-safety-tips,0.14,410,,,,
/p/2024,404,3.0,3,2026-08-28,2026-08-28,0,0,0,0,0,general,False,/p/top-pool-maintenance-apps-and-smart-tech-2024,0.17,410,,,,
/p/2025,404,3.0,3,2026-08-28,2026-08-28,0,0,0,0,0,general,False,/p/antidis,0.5,REDIRECT (equivalent page),/p/antidis,,,
/p/2026,404,3.0,3,2026-08-28,2026-08-28,0,0,0,0,0,general,False,/p/best-pools-2026,1.0,REDIRECT (equivalent page),/p/best-pools-2026,,,
/p/672a5a27-2f33-430d-be4f-36c8c868aa09,404,3.0,3,2026-07-12,2026-08-31,0,0,0,0,0,general,False,,0,410,,,,
/p/68674292-2659-4a6f-a3bc-aef2394707f4,404,3.0,3,2026-07-15,2026-09-14,0,0,0,0,0,general,False,,0,410,,,,
/p/68af403c-685e-4cce-97d1-d01d632afb05,404,3.0,3,2026-09-08,2026-09-14,0,0,0,0,0,general,False,,0,410,,,,
/p/99999,404,3.0,3,2026-08-28,2026-09-14,0,0,0,0,0,general,False,,0,410,,,,
/p/999998,404,3.0,3,2026-08-28,2026-09-14,0,0,0,0,0,general,False,,0,410,,,,
/p/9999999,404,3.0,3,2026-08-28,2026-09-14,0,0,0,0,0,general,False,,0,410,,,,
/p/california,404,3.0,3,2026-08-30,2026-09-08,0,0,0,0,0,general,False,/p/pool-rentals-california,0.5,REDIRECT (equivalent page),/p/pool-rentals-california,,,
/p/categories,404,3.0,3,2026-08-28,2026-09-14,0,0,0,0,0,general,False,,0,410,,,,
/p/cleaning-a-green-pool-fast,404,3.0,3,2026-08-27,2026-09-14,0,0,0,0,0,off-topic/maintenance,False,/p/green-pool-water-causes-and-fast-fixes,0.33,410,,,,
/p/elearning-academy-guest-pool-etiquette,404,3.0,3,2026-08-28,2026-09-04,0,0,0,0,0,core,False,/p/elearning-academy-guest-pool-etiquette-guide,1.0,REDIRECT (equivalent page),/p/elearning-academy-guest-pool-etiquette-guide,,,
/p/elearning-academy-revenue-maximization,404,3.0,3,2026-07-27,2026-09-17,0,0,0,0,0,core,False,/p/elearning-academy-maximizing-revenue-upselling-pool-amenities,0.43,410,,,,
/p/heated-pools,404,3.0,3,2026-09-04,2026-09-14,0,0,0,0,0,general,False,/p/heated-pool-rentals,0.5,REDIRECT (equivalent page),/p/heated-pool-rentals,,,
/p/how-much-to-rent-a-pool-for-a-day,404,3.0,3,2026-08-25,2026-09-13,0,0,0,0,0,core,False,/p/how-much-can-i-rent-my-pool-for,0.33,410,,,,
/p/how-to-monetize-your-backyard,404,3.0,3,2026-07-22,2026-09-01,0,0,0,0,0,core,False,/p/howtoturnyourbackyardpoolintoabusinessasset,0.33,410,,,,
/p/how-to-set-up-your-pool-for-hourly-renters,404,3.0,3,2026-08-25,2026-09-21,0,0,0,0,0,core,False,/p/how-to-set-fun-and-effective-pool-rules-for-renters,0.29,410,,,,
/p/las-vegas-nevada-pool-rentals,404,3.0,3,2026-08-10,2026-09-15,0,0,0,0,0,core,False,/p/las-vegas-search-page,0.5,REDIRECT (equivalent page),/p/las-vegas-search-page,,,
/p/login,404,3.0,3,2026-07-14,2026-07-28,0,0,0,0,0,general,False,,0,410,,,,
/p/maintaining-water-quality,404,3.0,3,2026-08-21,2026-09-23,0,0,0,0,0,general,False,/p/balancing-and-maintaining-perfect-water-quality,0.6,REDIRECT (equivalent page),/p/balancing-and-maintaining-perfect-water-quality,,,
/p/maintenance-tips-for-high-traffic-residential-pools,404,3.0,3,2026-09-09,2026-09-15,0,0,0,0,0,general,False,/p/pool-maintenance-tips,0.4,410,,,,
/p/media,404,3.0,3,2026-08-28,2026-09-14,0,0,0,0,0,general,False,/p/elearning-academy-effortless-social-media-management-with-buffer,0.14,410,,,,
/p/orlando,404,3.0,3,2026-07-16,2026-07-31,0,0,0,0,0,general,False,/p/become-a-swimming-pool-host-orlando-fl,0.2,410,,,,
/p/pennsylvania,404,3.0,3,2026-07-16,2026-09-08,0,0,0,0,0,general,False,/p/pool-rentals-pennsylvania,0.5,REDIRECT (equivalent page),/p/pool-rentals-pennsylvania,,,
/p/pool-deck-safety,404,3.0,3,2026-08-14,2026-09-09,0,0,0,0,0,general,False,/p/pool-safety-essentials,0.33,410,,,,
/p/pool-heating-equipment-guide,404,3.0,3,2026-08-07,2026-09-05,0,0,0,0,0,general,False,/p/pool-heating-guide-australia,0.33,410,,,,
/p/pool-host-training-academy,404,3.0,3,2026-07-14,2026-08-27,0,0,0,0,0,core,False,/p/host-training-academy,1.0,REDIRECT (equivalent page),/p/host-training-academy,,,
/p/pool-maintenance-basics,404,3.0,3,2026-08-25,2026-09-13,0,0,0,0,0,general,False,/p/pool-maintenance,0.5,REDIRECT (equivalent page),/p/pool-maintenance,,,
/p/pool-maintenance-tips-for-hosts,404,3.0,3,2026-08-25,2026-09-18,0,0,0,0,0,core,False,/p/pool-maintenance-tips,0.67,REDIRECT (equivalent page),/p/pool-maintenance-tips,,,
/p/pool-rental-for-photoshoots,404,3.0,3,2026-08-25,2026-09-17,0,0,0,0,0,core,False,/p/photoshoots-pool-rental-policy,0.67,REDIRECT (equivalent page),/p/photoshoots-pool-rental-policy,,,
/p/pool-safety-and-liability,404,3.0,3,2026-08-25,2026-09-09,0,0,0,0,0,core,False,/p/pool-safety-essentials,0.33,410 — INSURANCE TOPIC: Derek decides (rule 8),,,,
/p/pool-salt-water-systems,404,3.0,3,2026-08-26,2026-09-14,0,0,0,0,0,off-topic/maintenance,False,/p/cleanwatermanagementforpoolrentals,0.25,410,,,,
/p/private-pool-for-rent-for-a-day,404,3.0,3,2026-08-25,2026-09-23,0,0,0,0,0,core,False,/p/pool-party-ideas-summer-2026,0.29,410,,,,
/p/recover-password,404,3.0,3,2026-09-01,2026-09-25,0,0,0,0,0,general,False,,0,410,,,,
/p/safety-regulations-for-private-pool-hosts,404,3.0,3,2026-09-09,2026-09-14,0,0,0,0,0,core,False,/p/pool-safety-for-hosts,0.5,REDIRECT (equivalent page),/p/pool-safety-for-hosts,,,
/p/swimming-pool-maintenance-101-for-potential-pool-hosts,404,3.0,3,2026-08-25,2026-09-09,0,0,0,0,0,core,False,/p/elearning-academy-swimming-pool-safety-for-hosts,0.25,410,,,,
/p/tags,404,3.0,3,2026-08-28,2026-09-14,0,0,0,0,0,general,False,,0,410,,,,
/p/themed-pool-party-ideas-for-adults,404,3.0,3,2026-08-07,2026-09-05,0,0,0,0,0,core,False,/p/pool-party-ideas-summer-2026,0.33,410,,,,
/p/waiver,404,3.0,3,2026-07-11,2026-09-22,0,0,0,0,0,general,False,/p/waiver-generator,0.5,REDIRECT (equivalent page),/p/waiver-generator,,,
/p/2020,404,2.0,2,2026-08-28,2026-08-28,0,0,0,0,0,general,False,,0,410,,,,
/p/67af903c-e9b1-4006-80c3-b946432ee8da,404,2.0,2,2026-08-15,2026-09-23,0,0,0,0,0,general,False,,0,410,,,,
/p/6824d095-051c-42bc-a0dd-829330dcb3c1,404,2.0,2,2026-09-01,2026-09-03,0,0,0,0,0,general,False,,0,410,,,,
/p/68340bdf-07c0-4e71-b622-4501880dca19,404,2.0,2,2026-09-08,2026-09-13,0,0,0,0,0,general,False,,0,410,,,,
/p/6835287a-4fa1-4404-b6fe-ce5c0329bd22,404,2.0,2,2026-09-08,2026-09-25,0,0,0,0,0,general,False,,0,410,,,,
/p/683e3da4-5c0a-4dd7-840b-dc2e7dca0a30,404,2.0,2,2026-08-24,2026-09-14,0,0,0,0,0,general,False,,0,410,,,,
/p/684b890d-c489-4666-8c30-783b1519bb57,404,2.0,2,2026-09-08,2026-09-13,0,0,0,0,0,general,False,,0,410,,,,
/p/68821f27-e7c3-42ad-b978-c58212654d9b,404,2.0,2,2026-07-15,2026-09-08,0,0,0,0,0,general,False,,0,410,,,,
/p/68826fec-3b55-42b9-8b49-9aa81064f05c,404,2.0,2,2026-08-02,2026-09-18,0,0,0,0,0,general,False,,0,410,,,,
/p/688472d0-ebd7-49e3-b7ec-48578e5c459e,404,2.0,2,2026-07-18,2026-09-14,0,0,0,0,0,general,False,,0,410,,,,
/p/6892b100-e1a6-49d6-81cd-93689e307308,404,2.0,2,2026-07-11,2026-09-13,0,0,0,0,0,general,False,,0,410,,,,
/p/68a16844-c1ad-43f0-b8df-02a81a0f2908,404,2.0,2,2026-07-11,2026-09-08,0,0,0,0,0,general,False,,0,410,,,,
/p/68a21c26-d943-408d-892c-ec974484caa1,404,2.0,2,2026-08-13,2026-08-27,0,0,0,0,0,general,False,,0,410,,,,
/p/68a61224-4b3e-4ab8-bf67-82880386bf0b,404,2.0,2,2026-07-11,2026-08-22,0,0,0,0,0,general,False,,0,410,,,,
/p/68aa1835-d1c9-4998-999a-8f018c5e5e38,404,2.0,2,2026-07-07,2026-08-24,0,0,0,0,0,general,False,,0,410,,,,
/p/68aa343e-fad0-497b-8038-15e3f69ca55b,404,2.0,2,2026-08-12,2026-09-21,0,0,0,0,0,general,False,,0,410,,,,
/p/68aa729a-f407-40bf-9378-56a3a53f31aa,404,2.0,2,2026-08-28,2026-08-30,0,0,0,0,0,general,False,,0,410,,,,
/p/68aad069-e64c-400e-8d6d-5b05bfe7e811,404,2.0,2,2026-07-20,2026-07-22,0,0,0,0,0,general,False,,0,410,,,,
/p/68ac0731-b5de-48ed-9aec-964b50103dea,404,2.0,2,2026-09-14,2026-09-17,0,0,0,0,0,general,False,,0,410,,,,
/p/68b2f9b7-339e-4b8c-98e7-6d34bee78ddf,404,2.0,2,2026-09-14,2026-09-23,0,0,0,0,0,general,False,,0,410,,,,
/p/68bbe212-7274-4a1f-82d3-9a2308ede330,404,2.0,2,2026-09-13,2026-09-17,0,0,0,0,0,general,False,,0,410,,,,
/p/999999,404,2.0,2,2026-09-14,2026-09-14,0,0,0,0,0,general,False,,0,410,,,,
/p/alaska,404,2.0,2,2026-09-08,2026-09-08,0,0,0,0,0,general,False,/p/pool-rentals-alaska,0.5,REDIRECT (equivalent page),/p/pool-rentals-alaska,,,
/p/arizona,404,2.0,2,2026-09-08,2026-09-08,0,0,0,0,0,general,False,/p/arizonasmostfamouspoolinphoenix,0.5,REDIRECT (equivalent page),/p/arizonasmostfamouspoolinphoenix,,,
/p/arkansas,404,2.0,2,2026-09-08,2026-09-08,0,0,0,0,0,general,False,/p/pool-rentals-arkansas,0.5,REDIRECT (equivalent page),/p/pool-rentals-arkansas,,,
/p/austin,404,2.0,2,2026-07-15,2026-07-16,0,0,0,0,0,general,False,/p/austin-tx,0.5,REDIRECT (equivalent page),/p/austin-tx,,,
/p/backyard-remodeling-ideas,404,2.0,2,2026-08-25,2026-09-03,0,0,0,0,0,core,False,/p/howtoturnyourbackyardpoolintoabusinessasset,0.25,410,,,,
/p/boise,404,2.0,2,2026-07-29,2026-07-29,0,0,0,0,0,general,False,/p/become-a-swimming-pool-host-boise-id,0.2,410,,,,
/p/brooklyn,404,2.0,2,2026-07-29,2026-07-29,0,0,0,0,0,general,False,/p/become-a-swimming-pool-host-brooklyn-ny,0.2,410,,,,
/p/cg9vbc1tyw,404,2.0,2,2026-09-03,2026-09-16,0,0,0,0,0,general,False,,0,410,,,,
/p/colorado,404,2.0,2,2026-09-08,2026-09-08,0,0,0,0,0,general,False,/p/pool-rentals-colorado,0.5,REDIRECT (equivalent page),/p/pool-rentals-colorado,,,
/p/complete-guide-to-kids-birthday-pool-party,404,2.0,2,2026-08-16,2026-09-05,0,0,0,0,0,core,False,/p/guide-to-kids-birthday-party-pool-rental-jeffersonville-in,0.67,REDIRECT (equivalent page),/p/guide-to-kids-birthday-party-pool-rental-jeffersonville-in,,,
/p/connecticut,404,2.0,2,2026-09-08,2026-09-08,0,0,0,0,0,general,False,/p/pool-rentals-connecticut,0.5,REDIRECT (equivalent page),/p/pool-rentals-connecticut,,,
/p/contact,404,2.0,2,2026-08-19,2026-08-26,0,0,0,0,0,general,False,,0,410,,,,
/p/cost-to-fill-a-pool-with-water,404,2.0,2,2026-09-13,2026-09-14,0,0,0,0,0,general,False,/p/cleanwatermanagementforpoolrentals,0.25,410,,,,
/p/dealing-with-persistent-flakes-in-your-swim-spa-water-a-guide-for-new-owners,404,2.0,2,2026-09-05,2026-09-19,0,0,0,0,0,off-topic/maintenance,False,/p/swim-instructor-pool-rental-new-albany-oh,0.17,410,,,,
/p/delaware,404,2.0,2,2026-09-08,2026-09-08,0,0,0,0,0,general,False,/p/pool-rentals-delaware,0.5,REDIRECT (equivalent page),/p/pool-rentals-delaware,,,
/p/eating-and-swimming-in-the-summer-myths-best-practices-what-to-know,404,2.0,2,2026-07-13,2026-07-17,0,0,0,0,0,general,False,/p/building-your-concrete-swimming-pool-everything-you-need-to-know,0.2,410,,,,
/p/enterprise-nevada-pool-rentals,404,2.0,2,2026-08-28,2026-08-30,0,0,0,0,0,core,False,/p/pool-rentals-nevada,0.67,REDIRECT (equivalent page),/p/pool-rentals-nevada,,,
/p/georgia,404,2.0,2,2026-09-08,2026-09-08,0,0,0,0,0,general,False,/p/pool-rentals-georgia,0.5,REDIRECT (equivalent page),/p/pool-rentals-georgia,,,
/p/harrisburg,404,2.0,2,2026-07-29,2026-07-29,0,0,0,0,0,general,False,/p/become-a-swimming-pool-host-harrisburg-nc,0.2,410,,,,
/p/hawaii,404,2.0,2,2026-09-08,2026-09-08,0,0,0,0,0,general,False,/p/pool-rentals-hawaii,0.5,REDIRECT (equivalent page),/p/pool-rentals-hawaii,,,
/p/head,404,2.0,2,2026-07-08,2026-07-08,0,0,0,0,0,general,False,/p/hilton-head,0.5,REDIRECT (equivalent page),/p/hilton-head,,,
/p/help,404,2.0,2,2026-07-30,2026-08-06,0,0,0,0,0,general,False,/p/host-help,0.5,REDIRECT (equivalent page),/p/host-help,,,
/p/how-much-money-can-you-make-renting-your-pool,404,2.0,2,2026-09-01,2026-09-01,0,0,0,0,0,core,False,/p/how-much-can-you-make-renting-your-pool,0.8,REDIRECT (equivalent page),/p/how-much-can-you-make-renting-your-pool,,,
/p/how-to-rent-out-your-pool),404,2.0,2,2026-07-06,2026-09-24,0,0,0,0,0,core,False,/p/how-to-rent-out-your-pool,1.0,REDIRECT (equivalent page),/p/how-to-rent-out-your-pool,,,
/p/idaho,404,2.0,2,2026-09-08,2026-09-08,0,0,0,0,0,general,False,/p/pool-rentals-idaho,0.5,REDIRECT (equivalent page),/p/pool-rentals-idaho,,,
/p/illinois,404,2.0,2,2026-09-08,2026-09-08,0,0,0,0,0,general,False,/p/pool-rentals-illinois,0.5,REDIRECT (equivalent page),/p/pool-rentals-illinois,,,
/p/indiana,404,2.0,2,2026-09-08,2026-09-08,0,0,0,0,0,general,False,/p/pool-rentals-indiana,0.5,REDIRECT (equivalent page),/p/pool-rentals-indiana,,,
/p/indoor-pool-rental,404,2.0,2,2026-09-04,2026-09-14,0,0,0,0,0,core,False,/p/about,0.33,410,,,,
/p/iowa,404,2.0,2,2026-09-08,2026-09-08,0,0,0,0,0,general,False,/p/iowa-city,0.5,REDIRECT (equivalent page),/p/iowa-city,,,
/p/kansas,404,2.0,2,2026-09-08,2026-09-08,0,0,0,0,0,general,False,/p/pool-rentals-kansas,0.5,REDIRECT (equivalent page),/p/pool-rentals-kansas,,,
/p/keep-bees-away-from-pool,404,2.0,2,2026-09-06,2026-09-17,0,0,0,0,0,general,False,/p/how-to-keep-wasps-and-bees-away-from-your-pool-comprehensive-strategies-for-a-safe,0.43,410,,,,
/p/louisiana,404,2.0,2,2026-09-08,2026-09-08,0,0,0,0,0,general,False,/p/pool-rentals-louisiana,0.5,REDIRECT (equivalent page),/p/pool-rentals-louisiana,,,
/p/maine,404,2.0,2,2026-09-08,2026-09-08,0,0,0,0,0,general,False,/p/pool-rentals-maine,0.5,REDIRECT (equivalent page),/p/pool-rentals-maine,,,
/p/maryland,404,2.0,2,2026-09-08,2026-09-08,0,0,0,0,0,general,False,/p/pool-rentals-maryland,0.5,REDIRECT (equivalent page),/p/pool-rentals-maryland,,,
/p/massachusetts,404,2.0,2,2026-09-08,2026-09-08,0,0,0,0,0,general,False,/p/pool-rentals-massachusetts,0.5,REDIRECT (equivalent page),/p/pool-rentals-massachusetts,,,
/p/maximize-rental-rate,404,2.0,2,2026-08-14,2026-09-09,0,0,0,0,0,core,False,/p/about,0.25,410,,,,
/p/michigan,404,2.0,2,2026-09-08,2026-09-08,0,0,0,0,0,general,False,/p/pool-rentals-michigan,0.5,REDIRECT (equivalent page),/p/pool-rentals-michigan,,,
/p/minnesota,404,2.0,2,2026-09-08,2026-09-08,0,0,0,0,0,general,False,/p/pool-rentals-minnesota,0.5,REDIRECT (equivalent page),/p/pool-rentals-minnesota,,,
/p/mississippi,404,2.0,2,2026-09-08,2026-09-08,0,0,0,0,0,general,False,/p/pool-rentals-mississippi,0.5,REDIRECT (equivalent page),/p/pool-rentals-mississippi,,,
/p/missouri,404,2.0,2,2026-09-08,2026-09-08,0,0,0,0,0,general,False,/p/pool-rentals-missouri,0.5,REDIRECT (equivalent page),/p/pool-rentals-missouri,,,
/p/montana,404,2.0,2,2026-09-08,2026-09-08,0,0,0,0,0,general,False,/p/pool-rentals-montana,0.5,REDIRECT (equivalent page),/p/pool-rentals-montana,,,
/p/nebraska,404,2.0,2,2026-09-08,2026-09-08,0,0,0,0,0,general,False,/p/pool-rentals-nebraska,0.5,REDIRECT (equivalent page),/p/pool-rentals-nebraska,,,
/p/nevada,404,2.0,2,2026-09-08,2026-09-08,0,0,0,0,0,general,False,/p/nevada-tx,0.5,REDIRECT (equivalent page),/p/nevada-tx,,,
/p/new-hampshire,404,2.0,2,2026-09-08,2026-09-08,0,0,0,0,0,general,False,/p/pool-rentals-new-hampshire,0.67,REDIRECT (equivalent page),/p/pool-rentals-new-hampshire,,,
/p/new-jersey,404,2.0,2,2026-09-08,2026-09-08,0,0,0,0,0,general,False,/p/pool-rentals-new-jersey,0.67,REDIRECT (equivalent page),/p/pool-rentals-new-jersey,,,
/p/new-mexico,404,2.0,2,2026-09-08,2026-09-08,0,0,0,0,0,general,False,/p/pool-rentals-new-mexico,0.67,REDIRECT (equivalent page),/p/pool-rentals-new-mexico,,,
/p/new-york-pool-host-advocacy-guide,404,2.0,2,2026-07-07,2026-08-24,0,0,0,0,0,core,False,/p/host-advocacy-new-york,1.0,REDIRECT (equivalent page),/p/host-advocacy-new-york,,,
/p/night-swimming,404,2.0,2,2026-09-08,2026-09-08,0,0,0,0,0,general,False,/p/pool-host-night-swimming,0.67,REDIRECT (equivalent page),/p/pool-host-night-swimming,,,
/p/north-carolina,404,2.0,2,2026-09-08,2026-09-08,0,0,0,0,0,general,False,/p/pool-rentals-north-carolina,0.67,REDIRECT (equivalent page),/p/pool-rentals-north-carolina,,,
/p/north-dakota,404,2.0,2,2026-09-08,2026-09-08,0,0,0,0,0,general,False,/p/pool-rentals-north-dakota,0.67,REDIRECT (equivalent page),/p/pool-rentals-north-dakota,,,
/p/ohio,404,2.0,2,2026-09-08,2026-09-08,0,0,0,0,0,general,False,/p/pool-rentals-ohio,0.5,REDIRECT (equivalent page),/p/pool-rentals-ohio,,,
/p/oklahoma,404,2.0,2,2026-09-08,2026-09-08,0,0,0,0,0,general,False,/p/pool-rentals-oklahoma,0.5,REDIRECT (equivalent page),/p/pool-rentals-oklahoma,,,
/p/oregon,404,2.0,2,2026-09-08,2026-09-08,0,0,0,0,0,general,False,/p/pool-rentals-oregon,0.5,REDIRECT (equivalent page),/p/pool-rentals-oregon,,,
/p/passive-income-pool,404,2.0,2,2026-08-09,2026-08-31,0,0,0,0,0,core,False,/p/taxesforpoolhosts,0.33,410,,,,
/p/philadelphia,404,2.0,2,2026-07-29,2026-07-29,0,0,0,0,0,general,False,/p/become-a-swimming-pool-host-philadelphia-pa,0.2,410,,,,
/p/pool-amenities-income,404,2.0,2,2026-07-31,2026-08-31,0,0,0,0,0,core,False,/p/best-photoshoots-pool-amenities,0.33,410,,,,
/p/pool-rental-marketing,404,2.0,2,2026-08-25,2026-09-11,0,0,0,0,0,core,False,/p/about,0.33,410,,,,
/p/pool-rules-generator),404,2.0,2,2026-07-12,2026-08-17,0,0,0,0,0,general,False,/p/pool-rules-generator,1.0,REDIRECT (equivalent page),/p/pool-rules-generator,,,
/p/portland,404,2.0,2,2026-09-14,2026-09-21,0,0,0,0,0,general,False,/p/become-a-swimming-pool-host-portland-me,0.2,410,,,,
/p/preparing-your-pool,404,2.0,2,2026-08-21,2026-09-01,0,0,0,0,0,general,False,,0,410,,,,
/p/rhode-island,404,2.0,2,2026-09-08,2026-09-08,0,0,0,0,0,general,False,/p/pool-rentals-rhode-island,0.67,REDIRECT (equivalent page),/p/pool-rentals-rhode-island,,,
/p/san-antonio,404,2.0,2,2026-07-16,2026-07-30,0,0,0,0,0,general,False,/p/become-a-swimming-pool-host-san-antonio-tx,0.33,410,,,,
/p/sandiego,404,2.0,2,2026-07-15,2026-07-30,0,0,0,0,0,general,False,,0,410,,,,
/p/south-dakota,404,2.0,2,2026-09-08,2026-09-08,0,0,0,0,0,general,False,/p/pool-rentals-south-dakota,0.67,REDIRECT (equivalent page),/p/pool-rentals-south-dakota,,,
/p/spokane,404,2.0,2,2026-07-29,2026-07-29,0,0,0,0,0,general,False,/p/become-a-swimming-pool-host-spokane-wa,0.2,410,,,,
/p/tennessee,404,2.0,2,2026-09-08,2026-09-08,0,0,0,0,0,general,False,/p/pool-rentals-tennessee,0.5,REDIRECT (equivalent page),/p/pool-rentals-tennessee,,,
/p/vermont,404,2.0,2,2026-09-08,2026-09-08,0,0,0,0,0,general,False,/p/pool-rentals-vermont,0.5,REDIRECT (equivalent page),/p/pool-rentals-vermont,,,
/p/west-virginia,404,2.0,2,2026-09-08,2026-09-08,0,0,0,0,0,general,False,/p/pool-rentals-west-virginia,0.67,REDIRECT (equivalent page),/p/pool-rentals-west-virginia,,,
/p/worcester,404,2.0,2,2026-07-29,2026-07-29,0,0,0,0,0,general,False,/p/become-a-swimming-pool-host-worcester-ma,0.2,410,,,,
/p/',404,1.0,1,2026-08-05,2026-08-05,0,0,0,0,0,general,False,,0,410,,,,
/p/67abf4f4-c85b-4bbe-aa05-f51cc0c809c0,404,1.0,1,2026-08-30,2026-08-30,0,0,0,0,0,general,False,,0,410,,,,
/p/67af5271-ca98-4aec-a9ac-fc5df5631f00,404,1.0,1,2026-08-01,2026-08-01,0,0,0,0,0,general,False,,0,410,,,,
/p/67b7664f-908b-46e8-849c-efbd172f7b53,404,1.0,1,2026-08-30,2026-08-30,0,0,0,0,0,general,False,,0,410,,,,
/p/67bfcc9f-8853-430c-8432-b735ee39c455,404,1.0,1,2026-07-21,2026-07-21,0,0,0,0,0,general,False,,0,410,,,,
/p/683881ea-8fb9-43ef-9aa7-5c69abe2ede6,404,1.0,1,2026-09-14,2026-09-14,0,0,0,0,0,general,False,,0,410,,,,
/p/684329ca-ee1d-45a9-9973-5de4486802a9,404,1.0,1,2026-09-13,2026-09-13,0,0,0,0,0,general,False,,0,410,,,,
/p/68487924-313c-4e58-8c40-ae06964c4e20,404,1.0,1,2026-08-30,2026-08-30,0,0,0,0,0,general,False,,0,410,,,,
/p/68531269-1ccd-4689-a8cb-d894ef016388,404,1.0,1,2026-08-17,2026-08-17,0,0,0,0,0,general,False,,0,410,,,,
/p/6859ec3a-8904-40f6-aee3-104f74bfc624,404,1.0,1,2026-09-13,2026-09-13,0,0,0,0,0,general,False,,0,410,,,,
/p/685b3a52-b644-477d-b4ff-dfd2803cfc8e,404,1.0,1,2026-08-31,2026-08-31,0,0,0,0,0,general,False,,0,410,,,,
/p/685c94d0-ad5a-4e77-99c4-a081018d5e12,404,1.0,1,2026-07-24,2026-07-24,0,0,0,0,0,general,False,,0,410,,,,
/p/685caa49-142c-4896-9062-68d5e55ebca5,404,1.0,1,2026-09-13,2026-09-13,0,0,0,0,0,general,False,,0,410,,,,
/p/68740c27-5112-45fb-940c-978998f5ae0d,404,1.0,1,2026-09-14,2026-09-14,0,0,0,0,0,general,False,,0,410,,,,
/p/68786527-24ee-4a6f-9f26-2406a46243a8,404,1.0,1,2026-08-21,2026-08-21,0,0,0,0,0,general,False,,0,410,,,,
/p/687c56ab-cb28-4ba9-a3f4-4aeb8cc1d375,404,1.0,1,2026-07-28,2026-07-28,0,0,0,0,0,general,False,,0,410,,,,
/p/687e6578-cbd3-418e-bd15-51ebc37563b8,404,1.0,1,2026-07-08,2026-07-08,0,0,0,0,0,general,False,,0,410,,,,
/p/68805135-8a3b-4ce7-8bc1-482cf0a7cc2e,404,1.0,1,2026-07-11,2026-07-11,0,0,0,0,0,general,False,,0,410,,,,
/p/688139f4-709a-4f6d-9d15-8ac1cd0d6b55,404,1.0,1,2026-08-15,2026-08-15,0,0,0,0,0,general,False,,0,410,,,,
/p/689beca4-b8fc-4fc2-822a-801b4804a1cd,404,1.0,1,2026-09-03,2026-09-03,0,0,0,0,0,general,False,,0,410,,,,
/p/689d8dde-a681-40b9-8d64-15b1817add76,404,1.0,1,2026-08-14,2026-08-14,0,0,0,0,0,general,False,,0,410,,,,
/p/68a14813-c65e-4e9d-bfbd-1a35a8c1eeb1,404,1.0,1,2026-08-06,2026-08-06,0,0,0,0,0,general,False,,0,410,,,,
/p/68a2797e-b4fd-4e22-818f-8c14ea50abd7,404,1.0,1,2026-08-09,2026-08-09,0,0,0,0,0,general,False,,0,410,,,,
/p/68a63dad-e602-4f08-a3af-2f29a1b84fad,404,1.0,1,2026-08-10,2026-08-10,0,0,0,0,0,general,False,,0,410,,,,
/p/68a68fb8-7674-4728-aeae-9cca4f3e4bc6,404,1.0,1,2026-08-28,2026-08-28,0,0,0,0,0,general,False,,0,410,,,,
/p/68aa13ae-72c9-49c4-a657-f252c06aee43,404,1.0,1,2026-08-29,2026-08-29,0,0,0,0,0,general,False,,0,410,,,,
/p/68acc460-6fcf-4038-b502-dc7e2cd32fe7,404,1.0,1,2026-08-25,2026-08-25,0,0,0,0,0,general,False,,0,410,,,,
/p/68b2ef6b-880e-49d4-aa1b-d7491bad3439,404,1.0,1,2026-09-13,2026-09-13,0,0,0,0,0,general,False,,0,410,,,,
/p/68dd6ab7-f7b2-4b2c-899c-651e85e0344b,404,1.0,1,2026-08-29,2026-08-29,0,0,0,0,0,general,False,,0,410,,,,
/p/6903ec04-b314-4749-a9dd-489312c01b57,404,1.0,1,2026-08-08,2026-08-08,0,0,0,0,0,general,False,,0,410,,,,
/p/691b3d9d-cc6a-4581-9e4c-4d9d164224cf,404,1.0,1,2026-08-07,2026-08-07,0,0,0,0,0,general,False,,0,410,,,,
/p/69889e60-ee1a-41a3-b86c-92d057fe4535,404,1.0,1,2026-07-11,2026-07-11,0,0,0,0,0,general,False,,0,410,,,,
/p/699df159-14d2-4666-adfd-5d47b61e2fa8,404,1.0,1,2026-09-14,2026-09-14,0,0,0,0,0,general,False,,0,410,,,,
/p/access-over-prohibition,404,1.0,1,2026-08-27,2026-08-27,0,0,0,0,0,general,False,/p/accesstopoolrentals,0.25,410,,,,
/p/alberca-dallas,404,1.0,1,2026-07-29,2026-07-29,0,0,0,0,0,general,False,/p/conviertete-en-anfitrion-de-alberca-dallas-tx,0.29,410,,,,
/p/austintexas,404,1.0,1,2026-09-13,2026-09-13,0,0,0,0,0,general,False,,0,410,,,,
/p/balancing-and-maintaining-perfect-water-quality),404,1.0,1,2026-07-14,2026-07-14,0,0,0,0,0,general,False,/p/balancing-and-maintaining-perfect-water-quality,1.0,REDIRECT (equivalent page),/p/balancing-and-maintaining-perfect-water-quality,,,
/p/best-apps-to-rent-a-pool-by-the-hour),404,1.0,1,2026-09-24,2026-09-24,0,0,0,0,0,core,False,/p/pool-party-ideas-summer-2026,0.29,410,,,,
/p/bestpoolsinphoenixaz,404,1.0,1,2026-07-13,2026-07-13,0,0,0,0,0,general,False,,0,410,,,,
/p/bubble-covers-for-swimming-pools-the-ultimate-guide,404,1.0,1,2026-08-30,2026-08-30,0,0,0,0,0,general,False,/p/bubble-covers-for-swimming-pools-the-ultimate-guide-to-protecting-and-enhancing-your-pool,0.6,REDIRECT (equivalent page),/p/bubble-covers-for-swimming-pools-the-ultimate-guide-to-protecting-and-enhancing-your-pool,,,
/p/colorado-springs,404,1.0,1,2026-09-04,2026-09-04,0,0,0,0,0,general,False,/p/become-a-swimming-pool-host-colorado-springs-co,0.33,410,,,,
/p/cost-to-run-pool-heater,404,1.0,1,2026-08-21,2026-08-21,0,0,0,0,0,off-topic/maintenance,False,/p/pool-heater-guide,0.33,410,,,,
/p/dallas-renta-tu-alberca,404,1.0,1,2026-07-29,2026-07-29,0,0,0,0,0,core,False,/p/aprende-a-rentar-tu-alberca,0.33,410,,,,
/p/dallas-tx-renta-alberca,404,1.0,1,2026-07-29,2026-07-29,0,0,0,0,0,core,False,/p/renta-de-alberca-austin-tx,0.5,REDIRECT (equivalent page),/p/renta-de-alberca-austin-tx,,,
/p/definitely-not-a-page-xyz,404,1.0,1,2026-09-14,2026-09-14,0,0,0,0,0,general,False,/p/las-vegas-search-page,0.14,410,,,,
/p/draft,404,1.0,1,2026-08-28,2026-08-28,0,0,0,0,0,general,False,,0,410,,,,
/p/el-paso,404,1.0,1,2026-09-19,2026-09-19,0,0,0,0,0,general,False,/p/become-a-swimming-pool-host-el-paso-tx,0.33,410,,,,
/p/elearning-academy-drowning-prevention-for-pool-hosts,404,1.0,1,2026-07-20,2026-07-20,0,0,0,0,0,core,False,/p/elearning-academy-drowning-prevention-strategies,0.67,REDIRECT (equivalent page),/p/elearning-academy-drowning-prevention-strategies,,,
/p/es/dallas,404,1.0,1,2026-07-29,2026-07-29,0,0,0,0,0,general,False,/p/become-a-swimming-pool-host-dallas-ga,0.17,410,,,,
/p/evolution-of-swimming-pools,404,1.0,1,2026-07-10,2026-07-10,0,0,0,0,0,off-topic/maintenance,False,/p/2026-best-swimming-pools,0.33,410,,,,
/p/feed,404,1.0,1,2026-09-18,2026-09-18,0,0,0,0,0,general,False,,0,410,,,,
/p/florida-pool-rentals,404,1.0,1,2026-09-08,2026-09-08,0,0,0,0,0,core,False,/p/pool-rentals-florida,1.0,REDIRECT (equivalent page),/p/pool-rentals-florida,,,
/p/fontana,404,1.0,1,2026-09-13,2026-09-13,0,0,0,0,0,general,False,/p/graduation-pool-party-fontana-ca,0.25,410,,,,
/p/ghost,404,1.0,1,2026-08-28,2026-08-28,0,0,0,0,0,core,False,,0,410,,,,
/p/grand-prairie,404,1.0,1,2026-09-21,2026-09-21,0,0,0,0,0,general,False,/p/graduation-pool-party-grand-prairie-tx,0.4,410,,,,
/p/gulfport,404,1.0,1,2026-09-21,2026-09-21,0,0,0,0,0,general,False,/p/graduation-pool-party-gulfport-ms,0.25,410,,,,
/p/heated-pool-rental,404,1.0,1,2026-09-14,2026-09-14,0,0,0,0,0,core,False,/p/about,0.33,410,,,,
/p/henderson-nevada-pool-rentals,404,1.0,1,2026-08-28,2026-08-28,0,0,0,0,0,core,False,/p/pool-rentals-nevada,0.67,REDIRECT (equivalent page),/p/pool-rentals-nevada,,,
/p/home,404,1.0,1,2026-08-10,2026-08-10,0,0,0,0,0,general,False,/p/smart-home-tech-automation-pool-hosts,0.2,410,,,,
/p/host-academy,404,1.0,1,2026-07-30,2026-07-30,0,0,0,0,0,core,False,/p/academy-catalog,0.67,REDIRECT (equivalent page),/p/academy-catalog,,,
/p/host-advocacy-california),404,1.0,1,2026-08-12,2026-08-12,0,0,0,0,0,core,False,/p/host-advocacy-california,1.0,REDIRECT (equivalent page),/p/host-advocacy-california,,,
/p/host-defense-manual,404,1.0,1,2026-07-13,2026-07-13,0,0,0,0,0,core,False,/p/become-a-host,0.25,410,,,,
/p/host-protection,404,1.0,1,2026-08-08,2026-08-08,0,0,0,0,0,core,False,/p/become-a-host,0.33,410,,,,
/p/hosting**,404,1.0,1,2026-08-01,2026-08-01,0,0,0,0,0,core,False,/p/hosting,1.0,REDIRECT (equivalent page),/p/hosting,,,
/p/hostingnnwe,404,1.0,1,2026-09-06,2026-09-06,0,0,0,0,0,core,False,,0,410,,,,
/p/hot-tub-rental,404,1.0,1,2026-09-14,2026-09-14,0,0,0,0,0,core,False,/p/about,0.25,410,,,,
/p/hot-tubs,404,1.0,1,2026-09-14,2026-09-14,0,0,0,0,0,general,False,/p/become-a-swimming-pool-host-hot-springs-ar,0.14,410,,,,
/p/how-it-works),404,1.0,1,2026-07-12,2026-07-12,0,0,0,0,0,general,False,/p/how-it-it-works,1.0,REDIRECT (equivalent page),/p/how-it-it-works,,,
/p/how-much-chlorine-to-add-to-pool,404,1.0,1,2026-08-22,2026-08-22,0,0,0,0,0,off-topic/maintenance,False,/p/best-chlorine-for-pools,0.33,410,,,,
/p/how-much-does-it-cost-to-build-a-pool),404,1.0,1,2026-07-06,2026-07-06,0,0,0,0,0,general,False,/p/how-long-does-it-take-to-build-a-pool,0.43,410,,,,
/p/how-much-does-it-cost-to-buy-a-pool),404,1.0,1,2026-07-07,2026-07-07,0,0,0,0,0,general,False,/p/how-long-does-it-take-to-build-a-pool,0.25,410,,,,
/p/how-much-does-it-cost-to-run-a-pool-pump,404,1.0,1,2026-09-02,2026-09-02,0,0,0,0,0,off-topic/maintenance,False,/p/how-long-does-it-take-to-build-a-pool,0.22,410,,,,
/p/how-much-to-rent-my-pool-for),404,1.0,1,2026-09-24,2026-09-24,0,0,0,0,0,core,False,/p/how-much-can-i-rent-my-pool-for,0.6,REDIRECT (equivalent page),/p/how-much-can-i-rent-my-pool-for,,,
/p/how-to-make-your-pool-a-rental),404,1.0,1,2026-07-07,2026-07-07,0,0,0,0,0,core,False,/p/about,0.33,410,,,,
/p/how-to-pick-the-right-contractor-for-your-pool-avoid-20-common-pitfalls,404,1.0,1,2026-07-26,2026-07-26,0,0,0,0,0,general,False,/p/pool-heating-guide-australia,0.11,410,,,,
/p/humidity-management,404,1.0,1,2026-07-16,2026-07-16,0,0,0,0,0,general,False,/p/cleanwatermanagementforpoolrentals,0.33,410,,,,
/p/increase-rental-revenue,404,1.0,1,2026-08-21,2026-08-21,0,0,0,0,0,core,False,/p/about,0.25,410,,,,
/p/influencers-pool-rental,404,1.0,1,2026-08-27,2026-08-27,0,0,0,0,0,core,False,/p/attracting-influencers-pool-rental,0.67,REDIRECT (equivalent page),/p/attracting-influencers-pool-rental,,,
/p/is-it-legal-to-rent-my-pool),404,1.0,1,2026-09-24,2026-09-24,0,0,0,0,0,core,False,/p/is-it-legal-to-rent-out-your-pool,0.6,REDIRECT (equivalent page),/p/is-it-legal-to-rent-out-your-pool,,,
/p/kansas-city-missouri,404,1.0,1,2026-07-16,2026-07-16,0,0,0,0,0,general,False,/p/become-a-swimming-pool-host-kansas-city-ks,0.29,410,,,,
/p/kansascity,404,1.0,1,2026-07-15,2026-07-15,0,0,0,0,0,general,False,,0,410,,,,
/p/katy,404,1.0,1,2026-07-30,2026-07-30,0,0,0,0,0,general,False,/p/katy-tx,0.5,REDIRECT (equivalent page),/p/katy-tx,,,
/p/lakewood,404,1.0,1,2026-09-23,2026-09-23,0,0,0,0,0,general,False,/p/become-a-swimming-pool-host-lakewood-ca,0.2,410,,,,
/p/las-cruces,404,1.0,1,2026-09-21,2026-09-21,0,0,0,0,0,general,False,/p/become-a-swimming-pool-host-las-cruces-nm,0.33,410,,,,
/p/maximize-pool-rental-income),404,1.0,1,2026-07-06,2026-07-06,0,0,0,0,0,core,False,/p/taxesforpoolhosts,0.5,REDIRECT (equivalent page),/p/taxesforpoolhosts,,,
/p/nc,404,1.0,1,2026-07-16,2026-07-16,0,0,0,0,0,general,False,/p/charlotte,0.5,REDIRECT (equivalent page),/p/charlotte,,,
/p/night-swim-pool-rentals,404,1.0,1,2026-09-08,2026-09-08,0,0,0,0,0,core,False,/p/swim-instructor-pool-rental,0.4,410,,,,
/p/opening-pool-for-summer),404,1.0,1,2026-07-14,2026-07-14,0,0,0,0,0,general,False,/p/opening-pool-for-summer,1.0,REDIRECT (equivalent page),/p/opening-pool-for-summer,,,
/p/passive-income-for-homeowners-rent-out-your-pool),404,1.0,1,2026-09-24,2026-09-24,0,0,0,0,0,core,False,/p/how-to-rent-out-your-pool,0.4,410,,,,
/p/perfect-pool-listing),404,1.0,1,2026-09-24,2026-09-24,0,0,0,0,0,core,False,/p/ai-listing-generator,0.25,410,,,,
/p/phoenix-arizona-baseball-pool,404,1.0,1,2026-08-27,2026-08-27,0,0,0,0,0,general,False,/p/arizonasmostfamouspoolinphoenix,0.5,REDIRECT (equivalent page),/p/arizonasmostfamouspoolinphoenix,,,
/p/pool-care,404,1.0,1,2026-09-13,2026-09-13,0,0,0,0,0,general,False,/p/saltwater-pool-care,0.5,REDIRECT (equivalent page),/p/saltwater-pool-care,,,
/p/pool-chemistry-basics),404,1.0,1,2026-07-06,2026-07-06,0,0,0,0,0,general,False,/p/pool-chemistry-basics,1.0,REDIRECT (equivalent page),/p/pool-chemistry-basics,,,
/p/pool-deck-equipment-essentials,404,1.0,1,2026-08-21,2026-08-21,0,0,0,0,0,general,False,/p/insuranceandlegalessentialsforpoolhostscourse,0.25,410,,,,
/p/pool-earnings-calculator,404,1.0,1,2026-07-21,2026-07-21,0,0,0,0,0,core,False,/p/antidis,0.33,410,,,,
/p/pool-host-academy,404,1.0,1,2026-09-08,2026-09-08,0,0,0,0,0,core,False,/p/academy-catalog,0.67,REDIRECT (equivalent page),/p/academy-catalog,,,
/p/pool-hosting-academy,404,1.0,1,2026-07-30,2026-07-30,0,0,0,0,0,core,False,/p/hosting,0.5,REDIRECT (equivalent page),/p/hosting,,,
/p/pool-income-calculator,404,1.0,1,2026-09-23,2026-09-23,0,0,0,0,0,core,False,/p/taxesforpoolhosts,0.33,410,,,,
/p/pool-liability-waiver,404,1.0,1,2026-09-11,2026-09-11,0,0,0,0,0,core,False,/p/waiver-generator,0.33,410 — INSURANCE TOPIC: Derek decides (rule 8),,,,
/p/pool-maintenance-guide),404,1.0,1,2026-09-20,2026-09-20,0,0,0,0,0,general,False,/p/pool-maintenance,1.0,REDIRECT (equivalent page),/p/pool-maintenance,,,
/p/pool-maintenance-hub,404,1.0,1,2026-09-13,2026-09-13,0,0,0,0,0,general,False,/p/pool-maintenance,0.5,REDIRECT (equivalent page),/p/pool-maintenance,,,
/p/pool-rental-calculator,404,1.0,1,2026-07-21,2026-07-21,0,0,0,0,0,core,False,/p/about,0.33,410,,,,
/p/pool-rental-california,404,1.0,1,2026-08-30,2026-08-30,0,0,0,0,0,core,False,/p/guide-to-quinceanera-pool-rental-fontana-ca,0.4,410,,,,
/p/pool-rental-earnings-calculator,404,1.0,1,2026-07-18,2026-07-18,0,0,0,0,0,core,False,/p/antidis,0.5,REDIRECT (equivalent page),/p/antidis,,,
/p/pool-rental-florida,404,1.0,1,2026-09-08,2026-09-08,0,0,0,0,0,core,False,/p/guide-to-quinceanera-pool-rental-kissimmee-fl,0.4,410,,,,
/p/pool-rental-insurance-what-you-need-to-know),404,1.0,1,2026-07-07,2026-07-07,0,0,0,0,0,core,False,/p/insurance-guide-for-pool-owners,0.4,410 — INSURANCE TOPIC: Derek decides (rule 8),,,,
/p/pool-rental-insurance),404,1.0,1,2026-09-24,2026-09-24,0,0,0,0,0,core,False,/p/about,0.33,410 — INSURANCE TOPIC: Derek decides (rule 8),,,,
/p/pool-rental-kansas-city,404,1.0,1,2026-07-16,2026-07-16,0,0,0,0,0,core,False,/p/giggster-vs-pool-rental-near-me-in-kansas-city,0.5,REDIRECT (equivalent page),/p/giggster-vs-pool-rental-near-me-in-kansas-city,,,
/p/pool-rental-tax-guide,404,1.0,1,2026-09-01,2026-09-01,0,0,0,0,0,core,False,/p/taxesforpoolhosts,0.67,REDIRECT (equivalent page),/p/taxesforpoolhosts,,,
/p/pool-rules,404,1.0,1,2026-09-11,2026-09-11,0,0,0,0,0,general,False,/p/pool-rules-generator,0.5,REDIRECT (equivalent page),/p/pool-rules-generator,,,
/p/pool-safety,404,1.0,1,2026-08-30,2026-08-30,0,0,0,0,0,general,False,/p/pool-safety-essentials,0.5,REDIRECT (equivalent page),/p/pool-safety-essentials,,,
/p/pool-safety-checklist,404,1.0,1,2026-09-01,2026-09-01,0,0,0,0,0,general,False,/p/pool-host-checklist,0.33,410,,,,
/p/pool-safety-essentials),404,1.0,1,2026-07-14,2026-07-14,0,0,0,0,0,general,False,/p/pool-safety-essentials,1.0,REDIRECT (equivalent page),/p/pool-safety-essentials,,,
/p/pool-safety-guide-for-renters,404,1.0,1,2026-07-31,2026-07-31,0,0,0,0,0,core,False,/p/pool-safety-essentials,0.33,410,,,,
/p/pool-service-cost),404,1.0,1,2026-07-07,2026-07-07,0,0,0,0,0,general,False,/p/cost-of-building-a-pool-in-2026,0.25,410,,,,
/p/pool-volume-calculator,404,1.0,1,2026-09-11,2026-09-11,0,0,0,0,0,general,False,/p/pool-heating-cost-calculator,0.25,410,,,,
/p/poolrentalnearme,404,1.0,1,2026-07-16,2026-07-16,0,0,0,0,0,core,False,/p/elearning-academy-optimize-your-pool-listing-for-conversion-guide,0.17,410,,,,
/p/pools-directory-sitemap,404,1.0,1,2026-08-08,2026-08-08,0,0,0,0,0,general,False,/p/pool-pros,0.33,410,,,,
/p/preparing-your-pool-for-rental,404,1.0,1,2026-08-31,2026-08-31,0,0,0,0,0,core,False,/p/about,0.33,410,,,,
/p/preview,404,1.0,1,2026-08-28,2026-08-28,0,0,0,0,0,general,False,,0,410,,,,
/p/price-your-pool-rental),404,1.0,1,2026-09-24,2026-09-24,0,0,0,0,0,core,False,/p/setting-your-pool-rental-price,0.67,REDIRECT (equivalent page),/p/setting-your-pool-rental-price,,,
/p/privacy-tips,404,1.0,1,2026-07-16,2026-07-16,0,0,0,0,0,general,False,/p/pool-maintenance-tips,0.33,410,,,,
/p/private-pool-rental-belews-creek-nc-clemmons,404,1.0,1,2026-09-07,2026-09-07,0,0,0,0,0,core,False,/p/charlotte,0.29,410,,,,
/p/redlands,404,1.0,1,2026-09-13,2026-09-13,0,0,0,0,0,general,False,/p/become-a-swimming-pool-host-redlands-ca,0.2,410,,,,
/p/rent-a-swimming-pool-belews-creek-nc-stokesdale,404,1.0,1,2026-07-11,2026-07-11,0,0,0,0,0,core,False,/p/rent-a-swimming-pool-ashville-nc,0.43,410,,,,
/p/rent-out-your-pool),404,1.0,1,2026-09-20,2026-09-20,0,0,0,0,0,core,False,/p/how-to-rent-out-your-pool,1.0,REDIRECT (equivalent page),/p/how-to-rent-out-your-pool,,,
/p/renta-de-albercas-dallas,404,1.0,1,2026-07-29,2026-07-29,0,0,0,0,0,core,False,/p/renta-de-alberca-austin-tx,0.43,410,,,,
/p/renta-tu-alberca-dallas,404,1.0,1,2026-07-29,2026-07-29,0,0,0,0,0,core,False,/p/aprende-a-rentar-tu-alberca,0.33,410,,,,
/p/resources,404,1.0,1,2026-08-08,2026-08-08,0,0,0,0,0,general,False,/p/host-resources-center,0.33,410,,,,
/p/rules-for-renting-your-pool-to-strangers),404,1.0,1,2026-09-24,2026-09-24,0,0,0,0,0,core,False,/p/pool-rules-generator,0.25,410,,,,
/p/safety-standards,404,1.0,1,2026-07-16,2026-07-16,0,0,0,0,0,general,False,/p/pool-safety-essentials,0.33,410,,,,
/p/south-louisiana,404,1.0,1,2026-07-16,2026-07-16,0,0,0,0,0,general,False,/p/pool-rentals-louisiana,0.33,410,,,,
/p/start-a-pool-rental-business,404,1.0,1,2026-08-06,2026-08-06,0,0,0,0,0,core,False,/p/swim-instructor-pool-rental,0.4,410,,,,
/p/start-hosting),404,1.0,1,2026-07-12,2026-07-12,0,0,0,0,0,core,False,/p/start-hosting,1.0,REDIRECT (equivalent page),/p/start-hosting,,,
/p/start-pool-rental-business),404,1.0,1,2026-09-24,2026-09-24,0,0,0,0,0,core,False,/p/swim-instructor-pool-rental,0.4,410,,,,
/p/summerlin-nevada-pool-rentals,404,1.0,1,2026-08-28,2026-08-28,0,0,0,0,0,core,False,/p/pool-rentals-nevada,0.67,REDIRECT (equivalent page),/p/pool-rentals-nevada,,,
/p/support,404,1.0,1,2026-09-14,2026-09-14,0,0,0,0,0,general,False,,0,410,,,,
/p/tax-deductions-for-pool-owners,404,1.0,1,2026-07-13,2026-07-13,0,0,0,0,0,general,False,/p/pool-hire-tax-deductions-australia,0.4,410,,,,
/p/teaching-children-to-swim-during-winter-safety-age-guidelines,404,1.0,1,2026-08-30,2026-08-30,0,0,0,0,0,general,False,/p/teaching-children-to-swim-during-winter-safety-age-guidelines-and-the-role-of-personal-trainers,0.73,REDIRECT (equivalent page),/p/teaching-children-to-swim-during-winter-safety-age-guidelines-and-the-role-of-personal-trainers,,,
/p/the-ultimate-getaway-key-west-cottages-featuring-private-pools,404,1.0,1,2026-07-18,2026-07-18,0,0,0,0,0,general,False,/p/key-west,0.33,410,,,,
/p/this-cms-page-does-not-exist-zzaudit1788320646,404,1.0,1,2026-09-02,2026-09-02,0,0,0,0,0,general,False,/p/las-vegas-search-page,0.1,410,,,,
/p/uploads,404,1.0,1,2026-08-28,2026-08-28,0,0,0,0,0,general,False,,0,410,,,,
/p/visalia,404,1.0,1,2026-09-21,2026-09-21,0,0,0,0,0,general,False,/p/become-a-swimming-pool-host-visalia-ca,0.2,410,,,,
/p/waiver-generator),404,1.0,1,2026-07-13,2026-07-13,0,0,0,0,0,general,False,/p/waiver-generator,1.0,REDIRECT (equivalent page),/p/waiver-generator,,,
/p/weekly-pool-maintenance),404,1.0,1,2026-07-14,2026-07-14,0,0,0,0,0,general,False,/p/weekly-pool-maintenance,1.0,REDIRECT (equivalent page),/p/weekly-pool-maintenance,,,
/p/westminster,404,1.0,1,2026-08-02,2026-08-02,0,0,0,0,0,general,False,/p/become-a-swimming-pool-host-westminster-ca,0.2,410,,,,
/p/winter-pool-rental,404,1.0,1,2026-09-14,2026-09-14,0,0,0,0,0,core,False,/p/about,0.33,410,,,,
/p/winter-pool-rentals,404,1.0,1,2026-09-04,2026-09-04,0,0,0,0,0,core,False,/p/pool-rentals,0.5,REDIRECT (equivalent page),/p/pool-rentals,,,
/p/winterizing-rental-pool),404,1.0,1,2026-07-14,2026-07-14,0,0,0,0,0,core,False,/p/winterizing-rental-pool,1.0,REDIRECT (equivalent page),/p/winterizing-rental-pool,,,
/p/ziegler-pool,404,1.0,1,2026-07-09,2026-07-09,0,0,0,0,0,general,False,,0,410,,,,
