slug,field,kind,before_sha256,after_sha256,before_len,after_len,structure_ok,anchors_ok,rewrites,dead_removed,backup_file
aprende-a-rentar-tu-alberca,body_markdown,retarget,acb965d4c2e17ae9787d8ae7dff909fe7bcf0ef6642cf5b1c59b7929de70bb38,07a3d001fb459a88ba86fa261eb25d7500bca9f58d79a3390951aad232ae7315,2745,2745,True,True,/p/free-host-tools->/p/pool-host-tools,,aprende-a-rentar-tu-alberca.body_markdown.json
become-a-host,body_markdown,retarget,1c8eac73575788d2b6e5b1ea2dd6ec108c68c8aa92f75c8971cdb347466ab50c,c9ee4399fe5d4d7db61eda95ff11cad83926695de4797980d696b536bade5abb,1047,1047,True,True,/p/free-host-tools->/p/pool-host-tools,,become-a-host.body_markdown.json
become-a-swimming-pool-host,body_markdown,retarget,7c266cde6e70c5006890104ee9f7a7d044a7ac7d9a921a1f5234c5c210788066,9a49da84ce8125c60010cf47e7f0f79d2d7ad553eb402af345c97eb4bb4f0430,1527,1527,True,True,/p/free-host-tools->/p/pool-host-tools,,become-a-swimming-pool-host.body_markdown.json
chantilly-va,body_markdown,unwrap,9c215f6c0cfe4edfeaa2cc4fe235b526c62468c49fd5f829c309804a52484572,82808519e0e928adfd00856e738a457e94b76e818bce4e9ad3c693057fa492d1,9934,9917,True,True,,/chantilly-va,chantilly-va.body_markdown.dead.json
chantilly-va,content,unwrap,863848d24d20ab112786402192a452b3fc128b68d93ac04f12b882587b11f697,4c6390217c26b027a161514c4c311f3d34a74a6e7cfd6e2d14c29cea355a3293,9282,9265,True,True,,/chantilly-va,chantilly-va.content.dead.json
chapel-hill,body_markdown,retarget,9d10cdd7ffde31a36f950f143fcb084a3b5b9cff0e46702fa4cdc72077a58999,2667ca98f6ed7474f38f0f55400457056e68075043f2292d16e9b702fbcbc8a7,11416,11444,True,True,/p/chapel-hill-nc->/p/become-a-swimming-pool-host-chapel-hill-nc,,chapel-hill.body_markdown.json
chapel-hill,content,retarget,24277b22de88bad86edc65c0a2cb14fdb5ae01ee59e6c4ac83ada703cdca170e,59b6116c286f5123379fbf64e9470413296d4c414050f8d32514518b0e815305,10464,10492,True,True,/p/chapel-hill-nc->/p/become-a-swimming-pool-host-chapel-hill-nc,,chapel-hill.content.json
charleston,body_markdown,unwrap,ba89241664d0b84c63107e3112d70a7c5cf099ece69eac1a6b8f58d9598b71a2,f74eb1df838180fec6e411e342bd5ec02440d31b6d316b9050c21ba64711ba15,10654,10488,True,True,,/g/how-much-does-it-cost-to-build-a-pool;/g/how-to-remove-pool-algae;/g/pool-chemistry-101;/g/saltwater-vs-chlorine-pools;/g/tips-for-pool-landscaping,charleston.body_markdown.dead.json
charleston,content,unwrap,a4cfec5fbea61a315a8227d0ffac863d0edf6cd84971a175bdb8e51052307454,fa3d8b140db87db34ed9fe9676e6c1001be7a6a7e2353f721282f5add4d4d6bf,9682,9516,True,True,,/g/how-much-does-it-cost-to-build-a-pool;/g/how-to-remove-pool-algae;/g/pool-chemistry-101;/g/saltwater-vs-chlorine-pools;/g/tips-for-pool-landscaping,charleston.content.dead.json
charlestown-in,body_markdown,unwrap,b700b39b6d4d256f98d8ffe8844d0438568ea842cf409b468f8bde16fb203ae9,547d604ce3345bf19edce458c3c81d0573b75eece10b4218cb414a56a19bc9d9,12133,12073,True,True,,https://poolrentalnearme.com/guides/cost-to-build-a-pool,charlestown-in.body_markdown.dead.json
charlestown-in,content,unwrap,d43c9139a59d155ad6d2e89d2db2ae6fcfed146c1b2691bbde08f96702ce1296,aa48457d9df4610cfc69b8df8cf809b1b3559cfaa37bfa709e5e6474f5de598b,11427,11367,True,True,,https://poolrentalnearme.com/guides/cost-to-build-a-pool,charlestown-in.content.dead.json
conviertete-en-anfitrion-de-alberca-akron-oh,body_markdown,retarget,6469ac8abdee9a62e587b4b1f921f59daf771fe00d67fdea054206bc51a495b6,f86351f5f9622c8827f10c016080677c833c50d87e1537ee6dcd8f39d77b61df,17035,17035,True,True,/p/free-host-tools->/p/pool-host-tools,,conviertete-en-anfitrion-de-alberca-akron-oh.body_markdown.json
conviertete-en-anfitrion-de-alberca-akron-oh,content,retarget,dab038e5de859f61070573fa00daf4b82c16390262276467dba28e058d09da39,fee0f8a4745c80fcbd00a413e6a7cc580c44870e57ab1adb9501d8395c1e3dae,16244,16244,True,True,/p/free-host-tools->/p/pool-host-tools,,conviertete-en-anfitrion-de-alberca-akron-oh.content.json
conviertete-en-anfitrion-de-alberca-brockton-ma,body_markdown,retarget,7f0f6427258e9dd9981a21971b826ab107a3722fc0f768fd2ffe02f0fd13b266,aa6fb7914ca0bbc028ea00bbc3145b7cad06beef339d41cb3680224413bd448b,14304,14304,True,True,/p/free-host-tools->/p/pool-host-tools,,conviertete-en-anfitrion-de-alberca-brockton-ma.body_markdown.json
conviertete-en-anfitrion-de-alberca-brockton-ma,content,retarget,84efbb54d3198509220af9c25ca79cc4712018dd927c77f43757727f1685aa31,f10647d09725f9f86d884d50b1f9efcbceefbd14309950e3e5b01ffee53f8a01,13585,13585,True,True,/p/free-host-tools->/p/pool-host-tools,,conviertete-en-anfitrion-de-alberca-brockton-ma.content.json
conviertete-en-anfitrion-de-alberca-carrollton-tx,body_markdown,retarget,31cf52e107c3d8ca08618c2e2283b4695614d321294bed633360eafbbbd5adc4,bb748abcd59969ef2eea491c1570af8c5bef9a7e9ea0ea77875940295b2867b0,15002,15002,True,True,/p/free-host-tools->/p/pool-host-tools,,conviertete-en-anfitrion-de-alberca-carrollton-tx.body_markdown.json
conviertete-en-anfitrion-de-alberca-carrollton-tx,content,retarget,5f8250366ab50d35de5ec6b45358bcfc11c7baec00a9eaa10214f8f8c518c581,18247e79e3e90a59887b8ee57f8c21b9360c2d357cf52255fd66aa5682e97882,14282,14282,True,True,/p/free-host-tools->/p/pool-host-tools,,conviertete-en-anfitrion-de-alberca-carrollton-tx.content.json
conviertete-en-anfitrion-de-alberca-columbia-mo,body_markdown,retarget,f433e2a3fa75757198676b85bfc9a00345895f8b64d39759345cd5bf7674f894,88d539e9b889ffde18c225779df51eac112a038db4a0cf01f127c257e8679da3,15159,15159,True,True,/p/free-host-tools->/p/pool-host-tools,,conviertete-en-anfitrion-de-alberca-columbia-mo.body_markdown.json
conviertete-en-anfitrion-de-alberca-columbia-mo,content,retarget,b2f008eeb2333f5dd4fd76b8a41226c0a4fa88a2cf04e3c8eee88c83caedeb21,8cbb763d71e5795932eb8db4a9c680bb781ace68c299f5a7ec8a54980fe9c290,14463,14463,True,True,/p/free-host-tools->/p/pool-host-tools,,conviertete-en-anfitrion-de-alberca-columbia-mo.content.json
conviertete-en-anfitrion-de-alberca-doral-fl,body_markdown,retarget,f3f0c3c39cbf0a945dabc8c4281b27b6cff09dd1d6663286425203fa2e3be75f,81924ff0482beec740daf80705e4c074504d44424402e340fdc3647e00289b8a,17065,17065,True,True,/p/free-host-tools->/p/pool-host-tools,,conviertete-en-anfitrion-de-alberca-doral-fl.body_markdown.json
conviertete-en-anfitrion-de-alberca-doral-fl,content,retarget,0afb4615caefbecdeffcf6b9182ebf9a9f118836a78c00f68ddb524c12cb4c5e,848a5b5dc1daa007a9858937ea43b68b8250b20a41d440c5654bd0548321a2ec,16361,16361,True,True,/p/free-host-tools->/p/pool-host-tools,,conviertete-en-anfitrion-de-alberca-doral-fl.content.json
conviertete-en-anfitrion-de-alberca-fort-worth-tx,body_markdown,retarget,bf2af80a961de724e4bc3ced6ee80167f405465d745dea4c1b72f865acb8c2e0,35306bc89875685fa5971e327db08642e538743e74a490080dc6becab7e700fc,19796,19796,True,True,/p/free-host-tools->/p/pool-host-tools,,conviertete-en-anfitrion-de-alberca-fort-worth-tx.body_markdown.json
conviertete-en-anfitrion-de-alberca-fort-worth-tx,content,retarget,8ea8dcef3c193a9ba8fd0533efba18208037390113ea00acfd658fcf3a710ba4,a1702a52ceb8f937891599e69d275e669f4c556be3213a85b83bd8a94cda2cc4,18631,18631,True,True,/p/free-host-tools->/p/pool-host-tools,,conviertete-en-anfitrion-de-alberca-fort-worth-tx.content.json
conviertete-en-anfitrion-de-alberca-jacksonville-fl,body_markdown,retarget,4578a9e86c7ea7302400d65781e8df151757377f931b572adcdcacab402dd90c,bff747fb8e03256f3df649ee85ffb24db860e04b2e628431293a250c3e4234f9,22080,22080,True,True,/p/free-host-tools->/p/pool-host-tools,,conviertete-en-anfitrion-de-alberca-jacksonville-fl.body_markdown.json
conviertete-en-anfitrion-de-alberca-jacksonville-fl,content,retarget,f6c21d04c4bb791a8dcbd43004262127523250d9e457338832ef80bf06c1f7b8,750da38e67044d620fb0d39c7b1c9fa8eb81b43d461ef308a8d1c595902391c0,20937,20937,True,True,/p/free-host-tools->/p/pool-host-tools,,conviertete-en-anfitrion-de-alberca-jacksonville-fl.content.json
conviertete-en-anfitrion-de-alberca-lakeville-mn,body_markdown,retarget,44eebf4fd3a0ec326fd25f71eb8587a4dcd9ff6a973587ba13c3c99e786a6e29,217f5610b36b1fa6cbdbb5708a563fc28519a9e0e1831fe6692a66e1164e30a5,16647,16647,True,True,/p/free-host-tools->/p/pool-host-tools,,conviertete-en-anfitrion-de-alberca-lakeville-mn.body_markdown.json
conviertete-en-anfitrion-de-alberca-lakeville-mn,content,retarget,d95af4fff98351c58306dcfa201a86ef27aa4e1961f800380a000e7ee0e3dd14,ea9fc9a5b3a4ab924eb4841e3abf5e281574fdbd2e2ac176acee0a0d0836a7ed,15676,15676,True,True,/p/free-host-tools->/p/pool-host-tools,,conviertete-en-anfitrion-de-alberca-lakeville-mn.content.json
conviertete-en-anfitrion-de-alberca-missoula-mt,body_markdown,retarget,96ae28358eb7a122179a62957ad0c2c451bf12ed141e7ec0087ffd3b04b17e91,a57ae7d0aa4678b4b14436411fab99e19d2143e0885d745ed9d900396aef1b28,15745,15745,True,True,/p/free-host-tools->/p/pool-host-tools,,conviertete-en-anfitrion-de-alberca-missoula-mt.body_markdown.json
conviertete-en-anfitrion-de-alberca-missoula-mt,content,retarget,dda18488cc440774bf6261421876857d911994489152bfc5f100df9bde7c26c7,1c2fda17bda480b807a2b5e4dc6417aa2c5fe05b0e2dc9c61dbd7f3d7892b1a9,15032,15032,True,True,/p/free-host-tools->/p/pool-host-tools,,conviertete-en-anfitrion-de-alberca-missoula-mt.content.json
conviertete-en-anfitrion-de-alberca-north-charleston-sc,body_markdown,retarget,0dee0c4cb644bf8778d9007129478a214130c515b1f146fc605b859fec8e7550,e35727ca6d57160aad2c85965ab30ceb3fcc5993e5786df6d064023b932a2736,13983,13983,True,True,/p/free-host-tools->/p/pool-host-tools,,conviertete-en-anfitrion-de-alberca-north-charleston-sc.body_markdown.json
conviertete-en-anfitrion-de-alberca-north-charleston-sc,content,retarget,d9ed4a4c0f0b47d843a0ab6350fcae57967f33ee861021f726ad4ff705143936,1960791bf4fecb8690849bd2405fa8ed1d5500daefecbe1d788636a6361d866c,13215,13215,True,True,/p/free-host-tools->/p/pool-host-tools,,conviertete-en-anfitrion-de-alberca-north-charleston-sc.content.json
conviertete-en-anfitrion-de-alberca-palm-bay-fl,body_markdown,retarget,68d23d17097c5096a2e4079f748cf1af951e5c93e9cfd7354ddc97ff53409b58,3212ac5263992f3881b93ee02fdca2d28f3089801d5e1a06bd5ebd55f5ec6f43,15533,15533,True,True,/p/free-host-tools->/p/pool-host-tools,,conviertete-en-anfitrion-de-alberca-palm-bay-fl.body_markdown.json
conviertete-en-anfitrion-de-alberca-palm-bay-fl,content,retarget,786c6d9aec95d0e39d56828017a541a3aaeaf62103b060085803868ce115be4d,2aaf090c161b9b4ee1836e017477bf26ebc95a08753c2e7df779d6f80acc90ac,14785,14785,True,True,/p/free-host-tools->/p/pool-host-tools,,conviertete-en-anfitrion-de-alberca-palm-bay-fl.content.json
conviertete-en-anfitrion-de-alberca-phoenix-az,content,retarget,daf18153f8119d1e41d5174639f5570a7f1c8a6084ed20630aedc6cc92116127,bb1f5b16acb370fff9b3c4f055ddf527b46fbfd5c5afd00ba043fb3c63a51f23,19713,19713,True,True,/p/free-host-tools->/p/pool-host-tools,,conviertete-en-anfitrion-de-alberca-phoenix-az.content.json
conviertete-en-anfitrion-de-alberca-pittsburg-ca,body_markdown,retarget,9c2b5351bbf380939610d6178049978bb4097d59e5575381c85f36e52701e4ab,398a3d51466aafb2bd484303723d8ced1f7ab3512bd951186baae3671ed4ca15,15638,15638,True,True,/p/free-host-tools->/p/pool-host-tools,,conviertete-en-anfitrion-de-alberca-pittsburg-ca.body_markdown.json
conviertete-en-anfitrion-de-alberca-pittsburg-ca,content,retarget,dfbbff6f4e98f9ba5cf7259b0152076a3a5d32f4b502be5ef9fd58e7eaab59b1,b295b1abad1c2d53c7748ca593ab804388b66d1b8aa633edb2758d942b9c97f2,14926,14926,True,True,/p/free-host-tools->/p/pool-host-tools,,conviertete-en-anfitrion-de-alberca-pittsburg-ca.content.json
conviertete-en-anfitrion-de-alberca-portland-me,body_markdown,retarget,e73252f4bef36db1a67cda3660f02b71f3343835be6f7b4a90b45fe30acde45a,571482c4727674365927f1bfa7d99b8a7ec7c51fb62f4451aef86fec4d2de913,14267,14267,True,True,/p/free-host-tools->/p/pool-host-tools,,conviertete-en-anfitrion-de-alberca-portland-me.body_markdown.json
conviertete-en-anfitrion-de-alberca-quincy-ma,body_markdown,retarget,b32b2bca289a27fa84be4d881ff46794a17e7841c1d35369d511e125c5766526,af6b2397d3e67114e3a1f690b970554136800dffafbaf293fefd9c8bee0386ff,12812,12812,True,True,/p/free-host-tools->/p/pool-host-tools,,conviertete-en-anfitrion-de-alberca-quincy-ma.body_markdown.json
conviertete-en-anfitrion-de-alberca-quincy-ma,content,retarget,7956b67ec160e773e6e6a3a5806e1aa6591f997f834e6e798780e7c568386eba,b9765e91ecce882bea8a4b96e1295c372207b47020bf918382896fdd888950e8,12100,12100,True,True,/p/free-host-tools->/p/pool-host-tools,,conviertete-en-anfitrion-de-alberca-quincy-ma.content.json
conviertete-en-anfitrion-de-alberca-rialto-ca,body_markdown,retarget,125579d92267480283e6c1b33ea9c43e599607299e6fe2548d90fe8d6a1e5b37,9ed21e6830c3be36fb23b8472bff482603b02980564d5defea9bb53dc181553c,16149,16149,True,True,/p/free-host-tools->/p/pool-host-tools,,conviertete-en-anfitrion-de-alberca-rialto-ca.body_markdown.json
conviertete-en-anfitrion-de-alberca-rogers-ar,body_markdown,retarget,ebe7ed8818546702e664855a1a3857cabc5cd789f75d079383df0cacf8745831,fbe368631cfb8ae6ca29308d6c9b5cbb91673c9cc9c309aad941660efd237c0d,18382,18382,True,True,/p/free-host-tools->/p/pool-host-tools,,conviertete-en-anfitrion-de-alberca-rogers-ar.body_markdown.json
conviertete-en-anfitrion-de-alberca-rogers-ar,content,retarget,9d4b18b01dd79d9f3121b1ee49e55ab6cee21633e3e212e38edea374d83f3e12,4f886cc019605868a72e5cb0ee216d48fbe7653d74c6b98e79ec024650993305,17670,17670,True,True,/p/free-host-tools->/p/pool-host-tools,,conviertete-en-anfitrion-de-alberca-rogers-ar.content.json
conviertete-en-anfitrion-de-alberca-san-buenaventura-ventura-ca,body_markdown,retarget,ce4230d762439b1f15c8e7a7b6c98d0f301ead4adacc6172f4b2baadb7c1d8c8,0826dd6f0239a71f8764d9b16caacd4b2d341f42bcd05b21ebf6c8d4a46e1315,15882,15882,True,True,/p/free-host-tools->/p/pool-host-tools,,conviertete-en-anfitrion-de-alberca-san-buenaventura-ventura-ca.body_markdown.json
conviertete-en-anfitrion-de-alberca-san-buenaventura-ventura-ca,content,retarget,3f28221799af070d0379ea3939af1d8c58327a3518f73f65ad3ce1e5c466c462,8d7c7e396b5d7d308fc9ac9e3129ac9b9b6a078b1188f91ce2226e811ba24f7d,15222,15222,True,True,/p/free-host-tools->/p/pool-host-tools,,conviertete-en-anfitrion-de-alberca-san-buenaventura-ventura-ca.content.json
conviertete-en-anfitrion-de-alberca-schaumburg-il,body_markdown,retarget,a6f0fda677cbeb03f5b9ea926f9d3092fe4a1b54ee5859ad8f3a14e68ef49951,2efee29219177d6ad2d5355203e792ce69bcff9145b79a7fabac6cc0a50b58cc,16206,16206,True,True,/p/free-host-tools->/p/pool-host-tools,,conviertete-en-anfitrion-de-alberca-schaumburg-il.body_markdown.json
conviertete-en-anfitrion-de-alberca-st-joseph-mo,body_markdown,retarget,9014212339c604f4dc5fb3324d808c923afbbd95ee46aac5112a042bd6d12874,ef813a6f7214aee77b35081ff4e9369713b5977940c5aa0a1dbb37b79aea8061,15573,15573,True,True,/p/free-host-tools->/p/pool-host-tools,,conviertete-en-anfitrion-de-alberca-st-joseph-mo.body_markdown.json
conviertete-en-anfitrion-de-alberca-st-joseph-mo,content,retarget,04f4ac62f72f507f70b6d2b04106894e3082cf3b8a2381ce44ef2ae19cea3f02,4297497f2e33ca706f095ce8be461b0c2d1f88a665d2c9baac11d767c4e09b45,14850,14850,True,True,/p/free-host-tools->/p/pool-host-tools,,conviertete-en-anfitrion-de-alberca-st-joseph-mo.content.json
conviertete-en-anfitrion-de-alberca-troy-mi,body_markdown,retarget,70379b5f1e80458e0ff2ea37018b2ac687d85772149a6492f23a6ac2fedb344a,f3495c1d08eb542252b7ed78eb59084f3e2e058403f9336f5be65e60584106b0,15027,15027,True,True,/p/free-host-tools->/p/pool-host-tools,,conviertete-en-anfitrion-de-alberca-troy-mi.body_markdown.json
conviertete-en-anfitrion-de-alberca-troy-mi,content,retarget,2f5a2155e0e3616a6d164c1bb64153dfef657943c99c153167d4b25c456833ee,54510019e1a87ca7ed260545e9a0b8c94af578423f10c4a2f60c2b992f00326d,14365,14365,True,True,/p/free-host-tools->/p/pool-host-tools,,conviertete-en-anfitrion-de-alberca-troy-mi.content.json
corporate-pool-event-venue-bentonville-ar,body_markdown,retarget,6988cfbba95f7fe61bfb23d65035439cea62590ca534634080f73a4e23c68134,0b4e0fce0d85451dbe2f4564cede727d83796e4af765265566ecf46d50d92afe,22802,22802,True,True,/p/free-host-tools->/p/pool-host-tools,,corporate-pool-event-venue-bentonville-ar.body_markdown.json
corporate-pool-event-venue-bentonville-ar,content,retarget,90572faedca6367f6a9bea483318d9c18798f971a35b02d0057b32ce108079b4,99be7d33330ea3fc9149192d76b8122d0a7394b327f87ea0aa27f68d675c2383,22945,22945,True,True,/p/free-host-tools->/p/pool-host-tools,,corporate-pool-event-venue-bentonville-ar.content.json
corporate-pool-event-venue-midland-mi,body_markdown,retarget,43bdaecb4cd157869b7b217c558f5b08f1482e7750bc9ed391d5c5655fdf3520,de38a07b4c8a586ab319825b34d73e6764213b52490c5f85680b1eb670636428,28095,28095,True,True,/p/free-host-tools->/p/pool-host-tools,,corporate-pool-event-venue-midland-mi.body_markdown.json
corporate-pool-event-venue-midland-mi,content,retarget,43bdaecb4cd157869b7b217c558f5b08f1482e7750bc9ed391d5c5655fdf3520,de38a07b4c8a586ab319825b34d73e6764213b52490c5f85680b1eb670636428,28095,28095,True,True,/p/free-host-tools->/p/pool-host-tools,,corporate-pool-event-venue-midland-mi.content.json
corporate-pool-event-venue-springdale-ar,body_markdown,retarget,fd1315b11ec6cef56881725ec20acd459ae93d1b868d70a0f38c2591d84ac281,634bbd3c8c6dbf5d7c3eecfb81279de75c1cd613f9d3b06e4a90b94d06a1aa56,20467,20467,True,True,/p/free-host-tools->/p/pool-host-tools,,corporate-pool-event-venue-springdale-ar.body_markdown.json
corporate-pool-event-venue-springdale-ar,content,retarget,c2b0dcb1ff1440f3dd89b312c20f8f7998e217d7e3ab4a410194a4536a7466ba,9ab9da375afaa2e6be01a9e6b9fa4a2f942e3bcc07c44e1189ca7c707c3f8dbe,20595,20595,True,True,/p/free-host-tools->/p/pool-host-tools,,corporate-pool-event-venue-springdale-ar.content.json
denver-co,content,retarget,756e6f2986d1016efa26b4a9b19366cd9278cf10194f0dde184f7bd0d6875e68,4af14536938443334f0f92f80d7b3b9f11258f2120b0fdbef469d239886b8dcf,11199,11311,True,True,/p/atlanta-ga->/p/become-a-swimming-pool-host-atlanta-ga;/p/dallas-tx->/p/become-a-swimming-pool-host-dallas-tx;/p/orlando-fl->/p/become-a-swimming-pool-host-orlando-fl;/p/phoenix-az->/p/become-a-swimming-pool-host-phoenix-az,,denver-co.content.json
elearning-academy-content-marketing-for-pool-rentals,body_markdown,retarget,5bcf670c80560c05e8269c60e4a6de994463df647d4eb5c80af8a12b1d53485b,6bd6f37e13de1afde1dbe32c8d3ddb82308ffe8a2f317417ff0454d5d6439a80,4607,4607,True,True,/p/free-host-tools->/p/pool-host-tools,,elearning-academy-content-marketing-for-pool-rentals.body_markdown.json
elearning-academy-cpr-basics-for-pool-hosts,body_markdown,retarget,0da3198b25c24cd356b2f909eeebf32091a87ce7cecfd6b60b62ad41f061e2e0,1edce2a00b621b0d83735d956440155ce4366ac6f70676c888d7deeec1efdeb7,15223,15223,True,True,/p/free-host-tools->/p/pool-host-tools,,elearning-academy-cpr-basics-for-pool-hosts.body_markdown.json
elearning-academy-dynamic-pricing-strategies,body_markdown,retarget,68f9c815c5116659fdd1ea0b6591c4e80106afba4d857121661b22172c1504e3,c76efddec929ecd00cb49c70a0278a7a886ef8fa7e2296881ea0b9c70ca1bec8,15605,15605,True,True,/p/free-host-tools->/p/pool-host-tools,,elearning-academy-dynamic-pricing-strategies.body_markdown.json
elearning-academy-hoa-navigation-guide-pool-hosts,body_markdown,retarget,c33ff43a912d5970502983bd95a9cc9cf86d2e15b9206e52d7b0f11de5adafce,56a8d4fe69c281bec4d77decb179129a833783abb7a4ce2fff47b021a7a898b9,16924,16924,True,True,/p/free-host-tools->/p/pool-host-tools,,elearning-academy-hoa-navigation-guide-pool-hosts.body_markdown.json
elearning-academy-legal-document-templates-pool-hosts,body_markdown,retarget,9ff1a5b4579a51896ac88718b9595f4b3ebf37a1ca03d1b265287b87745912a3,c1b73c0e1eb06d5a620f90a55196860020d4f9f6060b332f3087c7203b9bdfac,13618,13618,True,True,/p/free-host-tools->/p/pool-host-tools,,elearning-academy-legal-document-templates-pool-hosts.body_markdown.json
elearning-academy-permit-licensing-requirements-pool-hosts,body_markdown,retarget,a911f47a269fb79d37fc632fd84842bae0120d6956695242c8621820d3e87cf4,3746f77d55de65614afc86ee821c0606f7600db74fc803a64b86fdf0f8c9cdcb,15871,15871,True,True,/p/free-host-tools->/p/pool-host-tools,,elearning-academy-permit-licensing-requirements-pool-hosts.body_markdown.json
elearning-academy-seo-optimization,body_markdown,retarget,969aa70374fc8d40bc8d3fa433e11ac9355b6cddba5825bdbf12176e54afb52f,e29aa7eb236588200dbefe9910da4a28e0adf49cede22b9e06d2251080efae9e,15424,15424,True,True,/p/free-host-tools->/p/pool-host-tools,,elearning-academy-seo-optimization.body_markdown.json
elearning-academy-teaching-swim-lessons-at-your-pool,body_markdown,retarget,040b60864568a6dff3171ce68356dd352176872f879dbd2a1f947a719a71bab1,ce89bfe69f1cc4156a3c9bb38cf743b6a511d4237e7508eab949506535ff2edc,12615,12615,True,True,/p/free-host-tools->/p/pool-host-tools,,elearning-academy-teaching-swim-lessons-at-your-pool.body_markdown.json
family-reunion-pool-rental-amarillo-tx,body_markdown,retarget,46f4ed3de08853ef3e4d4716424e97d41d863cd84807555ab9cb9154572de602,830a6e576bc3e1878fa8285605c2a00345b08cdd5327a8b55e6dac38bf22b19e,21829,21829,True,True,/p/free-host-tools->/p/pool-host-tools,,family-reunion-pool-rental-amarillo-tx.body_markdown.json
family-reunion-pool-rental-amarillo-tx,content,retarget,2f79bdd5707e4970a2178a38f1ae398a6884e35095bf7358a853cf7c0d9b8534,ec2f58b9d27ff17d6cf1a7417482e6e12e29d42bd2700a983d4241464850c3c5,21950,21950,True,True,/p/free-host-tools->/p/pool-host-tools,,family-reunion-pool-rental-amarillo-tx.content.json
family-reunion-pool-rental-bloomington-il,body_markdown,retarget,5cbf72425c7f5b2fc16d781fa12cb8ac8c7a29835bf70de61fb8e0449120908b,f413ba4b8117c9b6f618ed2d12fa7e166715cb3a4e06de2c4b8169e5fd113eec,22349,22349,True,True,/p/free-host-tools->/p/pool-host-tools,,family-reunion-pool-rental-bloomington-il.body_markdown.json
family-reunion-pool-rental-bloomington-il,content,retarget,abc6257b1b331855ddf7b791a114e28b291587c0a8f0eda29fa0a8a6e56e3957,41d4363ef0bd110b477dc91ee1a6c2f164369ce7504fcaf0a1ae741ad1e8eb77,22524,22524,True,True,/p/free-host-tools->/p/pool-host-tools,,family-reunion-pool-rental-bloomington-il.content.json
family-reunion-pool-rental-broken-arrow-ok,body_markdown,retarget,292e3755ab13e2567de4a6bde6c2529d434291f9ccd4b0e5cb33c65339ddb49c,cf8a3102c8f0197fc7a3b588df8c2f2031b9708034a5ab38f2ae2d088224fdd5,29982,29982,True,True,/p/free-host-tools->/p/pool-host-tools,,family-reunion-pool-rental-broken-arrow-ok.body_markdown.json
family-reunion-pool-rental-broken-arrow-ok,content,retarget,292e3755ab13e2567de4a6bde6c2529d434291f9ccd4b0e5cb33c65339ddb49c,cf8a3102c8f0197fc7a3b588df8c2f2031b9708034a5ab38f2ae2d088224fdd5,29982,29982,True,True,/p/free-host-tools->/p/pool-host-tools,,family-reunion-pool-rental-broken-arrow-ok.content.json
family-reunion-pool-rental-cleveland-tn,body_markdown,retarget,4afefe72d4f7c5825d1be83deaf0c1238477dad74b07451ecf2ecd3e9da67ca8,4e0e70db9d7b0311a41e896cb76f865f308806e220040775216d6fe53fdcecab,29076,29076,True,True,/p/free-host-tools->/p/pool-host-tools,,family-reunion-pool-rental-cleveland-tn.body_markdown.json
family-reunion-pool-rental-cleveland-tn,content,retarget,4afefe72d4f7c5825d1be83deaf0c1238477dad74b07451ecf2ecd3e9da67ca8,4e0e70db9d7b0311a41e896cb76f865f308806e220040775216d6fe53fdcecab,29076,29076,True,True,/p/free-host-tools->/p/pool-host-tools,,family-reunion-pool-rental-cleveland-tn.content.json
family-reunion-pool-rental-elizabethtown-ky,body_markdown,retarget,4b63d3c584bd1253026f0fbcfb828206cb14e55b8c9f06d9d5f71daf0bf8e7e3,485f03c81bd4d0d4c4d20d9c83802e37906b02de72fdb21b5f01269649b06722,30841,30841,True,True,/p/free-host-tools->/p/pool-host-tools,,family-reunion-pool-rental-elizabethtown-ky.body_markdown.json
family-reunion-pool-rental-elizabethtown-ky,content,retarget,4b63d3c584bd1253026f0fbcfb828206cb14e55b8c9f06d9d5f71daf0bf8e7e3,485f03c81bd4d0d4c4d20d9c83802e37906b02de72fdb21b5f01269649b06722,30841,30841,True,True,/p/free-host-tools->/p/pool-host-tools,,family-reunion-pool-rental-elizabethtown-ky.content.json
family-reunion-pool-rental-florence-sc,body_markdown,retarget,c39cfb3941ddf534db27f04d1bd288d449b41c474667ad2ba03689ef6da4d707,b7b704d441e48bf00e9ec97d254c942d6b7249acd1f5e343cf9f26d6c911abf2,19027,19027,True,True,/p/free-host-tools->/p/pool-host-tools,,family-reunion-pool-rental-florence-sc.body_markdown.json
family-reunion-pool-rental-florence-sc,content,retarget,b49f92987901c2dc5698794da8d1abd64b70336b1db4f9a7a0931929de4c83fa,512583e88e66945f1ad809428a6019b61c11524b0df03abe8418cc4399affd70,19228,19228,True,True,/p/free-host-tools->/p/pool-host-tools,,family-reunion-pool-rental-florence-sc.content.json
family-reunion-pool-rental-goodyear-az,body_markdown,retarget,ad4b430197fc2ab51b51ae90ce9c12ba1f0a08baa388774f525e4843e1bc0a98,b066e9725d4dd7caac0a72e56b6c374ba2bf30e1040f85cf42f176cd96c0a6c8,18824,18824,True,True,/p/free-host-tools->/p/pool-host-tools,,family-reunion-pool-rental-goodyear-az.body_markdown.json
family-reunion-pool-rental-goodyear-az,content,retarget,ce654d79d5978d865d3fbd68c863bc4b42a49baf737c239a732be126b5ae577e,736d9120c58c7830c3807fdfd12b8bfcf28de534dd1bb356ba68e636d42491fb,18888,18888,True,True,/p/free-host-tools->/p/pool-host-tools,,family-reunion-pool-rental-goodyear-az.content.json
family-reunion-pool-rental-grand-prairie-tx,body_markdown,retarget,2ec822db714b7a1f2e1731cc9422c79e706ddc52dbd4c3f3e0ce4d3facb15713,69df9df5bae3f6f6f515ee8bafc49b359bc26b01f561c427c1716fc279e0fbdf,18847,18847,True,True,/p/free-host-tools->/p/pool-host-tools,,family-reunion-pool-rental-grand-prairie-tx.body_markdown.json
family-reunion-pool-rental-grand-prairie-tx,content,retarget,7f6887c7e56c6be87787b78aee0293925f0372d4892ea41e7f25c26b6e817e4d,a6d89cff59f61b6e24343a9ef00b78e0b129609aa008daa8823aff30c6c27c69,18943,18943,True,True,/p/free-host-tools->/p/pool-host-tools,,family-reunion-pool-rental-grand-prairie-tx.content.json
family-reunion-pool-rental-huber-heights-oh,body_markdown,retarget,d58dc21409f65f0f9e7f2d79a6d615b727fcf55d3fb37cbfa9950febf8b836ca,a32e412826154f3b5d13413ca7184ccccca3e442a6f50ac71c3708e6779955ce,28779,28779,True,True,/p/free-host-tools->/p/pool-host-tools,,family-reunion-pool-rental-huber-heights-oh.body_markdown.json
family-reunion-pool-rental-huber-heights-oh,content,retarget,d58dc21409f65f0f9e7f2d79a6d615b727fcf55d3fb37cbfa9950febf8b836ca,a32e412826154f3b5d13413ca7184ccccca3e442a6f50ac71c3708e6779955ce,28779,28779,True,True,/p/free-host-tools->/p/pool-host-tools,,family-reunion-pool-rental-huber-heights-oh.content.json
family-reunion-pool-rental-joliet-il,body_markdown,retarget,dfb3e536090ee70972fb4a7b0b3b27501d9d2c146dbd5bfa2ee48dbc60181bad,4e7cbca566559aadb656a4005ef0ef67ea38410e571415c6a0e26476fb18a214,17781,17781,True,True,/p/free-host-tools->/p/pool-host-tools,,family-reunion-pool-rental-joliet-il.body_markdown.json
family-reunion-pool-rental-joliet-il,content,retarget,2973ce15692582acfe152ecd98dcb7d01b31ba3121ded22108bd5f6f01f71783,c054bd312aba01ea6ed16708df0509aa910ccad8034031288bfa3523b763addf,17924,17924,True,True,/p/free-host-tools->/p/pool-host-tools,,family-reunion-pool-rental-joliet-il.content.json
family-reunion-pool-rental-joplin-mo,body_markdown,retarget,e9032eeb4386ad7fec799570183ab26f96e249c66387995a35ac34913e0e2d6b,fa7483e984cf488cfa3f9aaeea85211e064e1e61b1355af89bb65efc55f69507,18499,18499,True,True,/p/free-host-tools->/p/pool-host-tools,,family-reunion-pool-rental-joplin-mo.body_markdown.json
family-reunion-pool-rental-joplin-mo,content,retarget,54d38b236eda2a535587b06a52e4a3d3ad6da85dcdd1c2287c68e6fb287c5c56,ef1b8b4c15b2c604465e6d48e83a775d8b84fb5bea33324bff0fafaa93adcfa4,18595,18595,True,True,/p/free-host-tools->/p/pool-host-tools,,family-reunion-pool-rental-joplin-mo.content.json
family-reunion-pool-rental-la-vergne-tn,body_markdown,retarget,98862d58f179d21cc21561e027040706492fc3232e0c4f190099a5f15e102c99,b01a2e18b5078d288f736f70f516a2759f2b12169b6a8edbf9cd04709ef9be04,19425,19425,True,True,/p/free-host-tools->/p/pool-host-tools,,family-reunion-pool-rental-la-vergne-tn.body_markdown.json
family-reunion-pool-rental-la-vergne-tn,content,retarget,b200784b7b0833643784ec0984a42a8f7810a6d4b645e4738ce6765174d83b7e,cfd64077ca9c112de9127be2e7264bcfaa324df383094a4c75e3cc68d72969a4,19546,19546,True,True,/p/free-host-tools->/p/pool-host-tools,,family-reunion-pool-rental-la-vergne-tn.content.json
family-reunion-pool-rental-lebanon-tn,body_markdown,retarget,1829f3581d030e9feab084ae0c0a95ad3bdcfde90eeacb39fce5ee574e6d6b22,bf67aa6ca14a96eb04dea1bd932469dc21f35b506d25cb813adef73e46aeb1aa,20331,20331,True,True,/p/free-host-tools->/p/pool-host-tools,,family-reunion-pool-rental-lebanon-tn.body_markdown.json
family-reunion-pool-rental-lebanon-tn,content,retarget,12f702ee5a0096efb362aafc24be3c2dde169e1287b8efa460a9f592f4d1ae40,c00b90fa537d33beebe52c209da1bf946ac8c456bc86892266ca25345f6bd297,20474,20474,True,True,/p/free-host-tools->/p/pool-host-tools,,family-reunion-pool-rental-lebanon-tn.content.json
family-reunion-pool-rental-lima-oh,body_markdown,retarget,c2165975d5250c4efb03fa57d1a50a710032a2e0753946c4c6e8d01f9a85c736,3efb44900bb97132873f2f746b39dcc603fcd509696792243ba6ccac04bcac40,28809,28809,True,True,/p/free-host-tools->/p/pool-host-tools,,family-reunion-pool-rental-lima-oh.body_markdown.json
family-reunion-pool-rental-lima-oh,content,retarget,c2165975d5250c4efb03fa57d1a50a710032a2e0753946c4c6e8d01f9a85c736,3efb44900bb97132873f2f746b39dcc603fcd509696792243ba6ccac04bcac40,28809,28809,True,True,/p/free-host-tools->/p/pool-host-tools,,family-reunion-pool-rental-lima-oh.content.json
family-reunion-pool-rental-marion-oh,body_markdown,retarget,d0c8ad8fcfc36f9ca359be751f30704b04d2f3239e9b7ea612fe13f0278b7a11,5898b018a8edf034e512194d83cb6a85852961983ba5b64790a1e827b47382b2,30455,30455,True,True,/p/free-host-tools->/p/pool-host-tools,,family-reunion-pool-rental-marion-oh.body_markdown.json
family-reunion-pool-rental-marion-oh,content,retarget,d0c8ad8fcfc36f9ca359be751f30704b04d2f3239e9b7ea612fe13f0278b7a11,5898b018a8edf034e512194d83cb6a85852961983ba5b64790a1e827b47382b2,30455,30455,True,True,/p/free-host-tools->/p/pool-host-tools,,family-reunion-pool-rental-marion-oh.content.json
family-reunion-pool-rental-midwest-city-ok,body_markdown,retarget,9a70bfe430340b680feafc6a7c7277ab377e878fa1044bdb673b2be60f3eff45,0ee4b80253f377c18c3a7242eaa2458f2aceca437908b63030b26f51e4c16a29,31720,31720,True,True,/p/free-host-tools->/p/pool-host-tools,,family-reunion-pool-rental-midwest-city-ok.body_markdown.json
family-reunion-pool-rental-midwest-city-ok,content,retarget,9a70bfe430340b680feafc6a7c7277ab377e878fa1044bdb673b2be60f3eff45,0ee4b80253f377c18c3a7242eaa2458f2aceca437908b63030b26f51e4c16a29,31720,31720,True,True,/p/free-host-tools->/p/pool-host-tools,,family-reunion-pool-rental-midwest-city-ok.content.json
family-reunion-pool-rental-moreno-valley-ca,body_markdown,retarget,1779164c68ea038ac075b00649b5245b6e251950346cfa1a1adbbae986516f53,7cc54aefd83f39c0fda398ccbd9ba69776faca2b48b6fb32f9d97568291f9429,20891,20891,True,True,/p/free-host-tools->/p/pool-host-tools,,family-reunion-pool-rental-moreno-valley-ca.body_markdown.json
family-reunion-pool-rental-moreno-valley-ca,content,retarget,ff66d8f36452b89c73f2ed60dc0d0d321b0996292bf177a3e85b0569d42ffbba,8dfc779c607627e4f0b6fa38ef0379f2f95e7472d4a86124567f925e1d5da27d,20955,20955,True,True,/p/free-host-tools->/p/pool-host-tools,,family-reunion-pool-rental-moreno-valley-ca.content.json
family-reunion-pool-rental-murfreesboro-tn,body_markdown,retarget,d08a5ee3c0d7391158d7dc5cfeb64c13f5ee4450cd10619facddc9cab63fb799,6760c96a019c89191980ea3f03d31cddbdefc534add1772bbbba071445c8aa31,20821,20821,True,True,/p/free-host-tools->/p/pool-host-tools,,family-reunion-pool-rental-murfreesboro-tn.body_markdown.json
family-reunion-pool-rental-murfreesboro-tn,content,retarget,f25a7a78a67f244646532808ed9a4e504c49da4c35eba31b064f3b6d2a9f706f,b794b3dfe8532b567c9c2067fd4f73a7c64821aaf12e49390b8f6796be8cb45b,20965,20965,True,True,/p/free-host-tools->/p/pool-host-tools,,family-reunion-pool-rental-murfreesboro-tn.content.json
family-reunion-pool-rental-olathe-ks,body_markdown,retarget,aac28b1f15c94de0ad917e12a041b6e9532b3782bef19131dc1198ece4b6e53b,ad7b8166f47d7fec143e53d3feb7a76c3b0f9ad2a7ecd045faeebd242d3d2b2b,18473,18473,True,True,/p/free-host-tools->/p/pool-host-tools,,family-reunion-pool-rental-olathe-ks.body_markdown.json
family-reunion-pool-rental-olive-branch-ms,body_markdown,retarget,bf39cc37c2a04fd6a3137d9f9d85f9809b613b357e3d15dde943c93348763f52,57e71f8c0301cd2275db5f288e638d3616253e92b726681ac9abc4fa5dee8337,19887,19887,True,True,/p/free-host-tools->/p/pool-host-tools,,family-reunion-pool-rental-olive-branch-ms.body_markdown.json
family-reunion-pool-rental-owasso-ok,body_markdown,retarget,3c49dae3b68beee84c4d7572e61b0e1951509949aadfcc1549416f87cce83cae,13f248f913ee7cf57dd0ab50bde3e1b53390716c5955b798b6fd4008b3dd485c,28632,28632,True,True,/p/free-host-tools->/p/pool-host-tools,,family-reunion-pool-rental-owasso-ok.body_markdown.json
family-reunion-pool-rental-owasso-ok,content,retarget,3c49dae3b68beee84c4d7572e61b0e1951509949aadfcc1549416f87cce83cae,13f248f913ee7cf57dd0ab50bde3e1b53390716c5955b798b6fd4008b3dd485c,28632,28632,True,True,/p/free-host-tools->/p/pool-host-tools,,family-reunion-pool-rental-owasso-ok.content.json
family-reunion-pool-rental-rock-hill-sc,body_markdown,retarget,add3c2941c44034fe9cb9392fc2c27b8022cebbda006ddf385a599721d93be89,6126f68f04f9e90fe93b113842ecc3d2cbb730100353da26872a678b50f7caad,28315,28315,True,True,/p/free-host-tools->/p/pool-host-tools,,family-reunion-pool-rental-rock-hill-sc.body_markdown.json
family-reunion-pool-rental-rock-hill-sc,content,retarget,add3c2941c44034fe9cb9392fc2c27b8022cebbda006ddf385a599721d93be89,6126f68f04f9e90fe93b113842ecc3d2cbb730100353da26872a678b50f7caad,28315,28315,True,True,/p/free-host-tools->/p/pool-host-tools,,family-reunion-pool-rental-rock-hill-sc.content.json
family-reunion-pool-rental-slidell-la,body_markdown,retarget,64b547d69eda12d9e587bce2b8dcaa54a9e655e76cbdc3ca8bc8ead916b2aa59,0fd77cf342f73c9eda408c8ef83198be3db4807882cb6e384447693c8f82055f,29442,29442,True,True,/p/free-host-tools->/p/pool-host-tools,,family-reunion-pool-rental-slidell-la.body_markdown.json
family-reunion-pool-rental-slidell-la,content,retarget,64b547d69eda12d9e587bce2b8dcaa54a9e655e76cbdc3ca8bc8ead916b2aa59,0fd77cf342f73c9eda408c8ef83198be3db4807882cb6e384447693c8f82055f,29442,29442,True,True,/p/free-host-tools->/p/pool-host-tools,,family-reunion-pool-rental-slidell-la.content.json
family-reunion-pool-rental-smyrna-tn,body_markdown,retarget,de0cc60e5c40474254b7f7950b56637982c950a459a0ec91a86a092588130433,e0554e6801f1e52dee6ad5ab5adc00cd357bc7e40932f45b35fa56ec0574245d,20198,20198,True,True,/p/free-host-tools->/p/pool-host-tools,,family-reunion-pool-rental-smyrna-tn.body_markdown.json
family-reunion-pool-rental-smyrna-tn,content,retarget,2c5a739f5d6460e5daf751ae60c08cb56c6b48927cd7a90827bbc2c479b492ba,f16162fd2403632cd41391cdc8e858da262459a8d03d1346d74130e03135b3a8,20294,20294,True,True,/p/free-host-tools->/p/pool-host-tools,,family-reunion-pool-rental-smyrna-tn.content.json
family-reunion-pool-rental-southaven-ms,body_markdown,retarget,5ea7f520c8c509dca1169a7cfc23536fa2f2217c2286eacedea2cd0c91d1889e,3e082ca41265a9f2af8a1b8767dbbadc5bf6a11e57148573b002d84e9923e834,20723,20723,True,True,/p/free-host-tools->/p/pool-host-tools,,family-reunion-pool-rental-southaven-ms.body_markdown.json
family-reunion-pool-rental-southaven-ms,content,retarget,2fb22e264596a55d312628499c49554347a794c241189c1a63f9d0a5b41b003a,2fe203c775116d7623508ddd786339565da3fb85319f37541c205d72c0148fd2,20944,20944,True,True,/p/free-host-tools->/p/pool-host-tools,,family-reunion-pool-rental-southaven-ms.content.json
family-reunion-pool-rental-st-peters-mo,body_markdown,retarget,187a71c8bf685db8ca0c2722e9cdc1ba32e6f70932dac39017f97c7894238074,e450496248b2c3d4527917640c7cfef0ab1362bab5684754c03231dfa6c3b83b,29017,29017,True,True,/p/free-host-tools->/p/pool-host-tools,,family-reunion-pool-rental-st-peters-mo.body_markdown.json
family-reunion-pool-rental-st-peters-mo,content,retarget,187a71c8bf685db8ca0c2722e9cdc1ba32e6f70932dac39017f97c7894238074,e450496248b2c3d4527917640c7cfef0ab1362bab5684754c03231dfa6c3b83b,29017,29017,True,True,/p/free-host-tools->/p/pool-host-tools,,family-reunion-pool-rental-st-peters-mo.content.json
family-reunion-pool-rental-victorville-ca,body_markdown,retarget,f1cbdf68f51a8b78cf97a69cb3b72c55034472db19d7791acb258e54bcb18815,46856b9aa1354961f32903f85996a0301577dccb58eb7af7220f658390edd303,18541,18541,True,True,/p/free-host-tools->/p/pool-host-tools,,family-reunion-pool-rental-victorville-ca.body_markdown.json
family-reunion-pool-rental-yukon-ok,body_markdown,retarget,0ba7e5ddf537c5b785fb9b425be52f27fc6a6371269e065a8226ebcb6b5c3ca4,b0e5f0af25eae8a188923d09e2dce12759eff3b9decc3488c57dcb768486984f,32263,32263,True,True,/p/free-host-tools->/p/pool-host-tools,,family-reunion-pool-rental-yukon-ok.body_markdown.json
family-reunion-pool-rental-yukon-ok,content,retarget,0ba7e5ddf537c5b785fb9b425be52f27fc6a6371269e065a8226ebcb6b5c3ca4,b0e5f0af25eae8a188923d09e2dce12759eff3b9decc3488c57dcb768486984f,32263,32263,True,True,/p/free-host-tools->/p/pool-host-tools,,family-reunion-pool-rental-yukon-ok.content.json
garden-ny,body_markdown,unwrap,c0652c1bbb01aa41f3458cc752d022666db188cdbbe43ee55cb9f5b94ef15b60,ddd0afe34634e201a25f37990635f3391dea8000c2702d9fb5557f0647a5cc73,10914,10870,True,True,,/g/how-much-does-it-cost-to-build-a-pool,garden-ny.body_markdown.dead.json
garden-ny,content,unwrap,a994d06b1bc13fa2fec1cd48b320073767393bda118571642ae17af62b2710cf,14644c6261ca9c1616afeddf88d657df69cb07b21b0369b3e466e1dfa15c8db5,10103,10059,True,True,,/g/how-much-does-it-cost-to-build-a-pool,garden-ny.content.dead.json
graduation-pool-party-bowling-green-ky,body_markdown,retarget,6e0a480bace343d732e222da649f4c2f1114db076069b7901e7220bd7a27470d,6ca153151d9033d13d258862631d3d13556b97be7b5e14063981eba3e311a09a,18699,18699,True,True,/p/free-host-tools->/p/pool-host-tools,,graduation-pool-party-bowling-green-ky.body_markdown.json
graduation-pool-party-bowling-green-ky,content,retarget,dd20ebadd56aeff818b5ee0eda9317550b1c9fc2e5860ae1368ce56c47b88609,c583b53a85bda44eeeb03e9b6faebf79ec85baaeaa556e8951a310c226446eff,18828,18828,True,True,/p/free-host-tools->/p/pool-host-tools,,graduation-pool-party-bowling-green-ky.content.json
graduation-pool-party-broken-arrow-ok,body_markdown,retarget,d60cd57459ce89e82c861d961f54ae43eca0b85c98cf085eadb3393bd7cddf2b,4e907f2ce8e55bc03cb5865ee9c47609f47677bce03d2d2ea84e7d07dc013433,30996,30996,True,True,/p/free-host-tools->/p/pool-host-tools,,graduation-pool-party-broken-arrow-ok.body_markdown.json
graduation-pool-party-broken-arrow-ok,content,retarget,d60cd57459ce89e82c861d961f54ae43eca0b85c98cf085eadb3393bd7cddf2b,4e907f2ce8e55bc03cb5865ee9c47609f47677bce03d2d2ea84e7d07dc013433,30996,30996,True,True,/p/free-host-tools->/p/pool-host-tools,,graduation-pool-party-broken-arrow-ok.content.json
graduation-pool-party-buckeye-az,body_markdown,retarget,e315ce4659c1ad8e0d5736ed203c0025a3dc99a34fa3bec38183032f30a5f267,762954049ecb0dc5c2d5196ed97886faf604bbc02f1d4244a72f2ed834279ec5,19482,19482,True,True,/p/free-host-tools->/p/pool-host-tools,,graduation-pool-party-buckeye-az.body_markdown.json
graduation-pool-party-buckeye-az,content,retarget,f4ecf3ff6c233291c2ced97fd9416ea73b4a50c87f6dcfe82c6178c3e48a72ae,26da8e5fe75af20b06aab0674fdf5c8baa29b65bedefc6bb5276e63d93a1bde1,19546,19546,True,True,/p/free-host-tools->/p/pool-host-tools,,graduation-pool-party-buckeye-az.content.json
graduation-pool-party-cleveland-tn,body_markdown,retarget,8bed4d0e437b166090a4a4e2cbd93ab49a727354ca2d3c16423bb71849f245e4,78ab79bacd21e65c765163888afec6d83f04b51bb49f31142353fd665ab2d162,29134,29134,True,True,/p/free-host-tools->/p/pool-host-tools,,graduation-pool-party-cleveland-tn.body_markdown.json
graduation-pool-party-cleveland-tn,content,retarget,8bed4d0e437b166090a4a4e2cbd93ab49a727354ca2d3c16423bb71849f245e4,78ab79bacd21e65c765163888afec6d83f04b51bb49f31142353fd665ab2d162,29134,29134,True,True,/p/free-host-tools->/p/pool-host-tools,,graduation-pool-party-cleveland-tn.content.json
graduation-pool-party-findlay-oh,body_markdown,retarget,515d16c1219b8a199a145cc01f1104711616cdea97fdd2c8f97127ac78786984,e7cd78ea61606d875662f18e01d0dab3369dbff3ad126a4b98e8aba9d540b9f1,29003,29003,True,True,/p/free-host-tools->/p/pool-host-tools,,graduation-pool-party-findlay-oh.body_markdown.json
graduation-pool-party-findlay-oh,content,retarget,515d16c1219b8a199a145cc01f1104711616cdea97fdd2c8f97127ac78786984,e7cd78ea61606d875662f18e01d0dab3369dbff3ad126a4b98e8aba9d540b9f1,29003,29003,True,True,/p/free-host-tools->/p/pool-host-tools,,graduation-pool-party-findlay-oh.content.json
graduation-pool-party-gallatin-tn,body_markdown,retarget,68b1791734f3555c3620639d77d131b4560f967d6c79a8ad30ff4d762a5d1c3f,d5a6d0634740b145c175b8bc737ca99bf2b396a119a834f89ab99a22899bae2b,30389,30389,True,True,/p/free-host-tools->/p/pool-host-tools,,graduation-pool-party-gallatin-tn.body_markdown.json
graduation-pool-party-gallatin-tn,content,retarget,68b1791734f3555c3620639d77d131b4560f967d6c79a8ad30ff4d762a5d1c3f,d5a6d0634740b145c175b8bc737ca99bf2b396a119a834f89ab99a22899bae2b,30389,30389,True,True,/p/free-host-tools->/p/pool-host-tools,,graduation-pool-party-gallatin-tn.content.json
graduation-pool-party-gastonia-nc,body_markdown,retarget,83268c41d44faa48d1412080958df624bc490546d31582d02741cccbdbf07e2d,20786bb279c6caf2989734e398d64d5e0b1614c8c8c974c617aef6e405eaa3f5,31385,31385,True,True,/p/free-host-tools->/p/pool-host-tools,,graduation-pool-party-gastonia-nc.body_markdown.json
graduation-pool-party-gastonia-nc,content,retarget,83268c41d44faa48d1412080958df624bc490546d31582d02741cccbdbf07e2d,20786bb279c6caf2989734e398d64d5e0b1614c8c8c974c617aef6e405eaa3f5,31385,31385,True,True,/p/free-host-tools->/p/pool-host-tools,,graduation-pool-party-gastonia-nc.content.json
graduation-pool-party-greenwood-in,body_markdown,retarget,2580b436a49e78a0035e6c0873a2fd2d929ce4dea585c8c3d21ddc2af7d1a4af,5f7c684fee435002d7d73d4ca4b612cd92912b3cf3a323400be9a96a207c0205,29904,29904,True,True,/p/free-host-tools->/p/pool-host-tools,,graduation-pool-party-greenwood-in.body_markdown.json
graduation-pool-party-greenwood-in,content,retarget,2580b436a49e78a0035e6c0873a2fd2d929ce4dea585c8c3d21ddc2af7d1a4af,5f7c684fee435002d7d73d4ca4b612cd92912b3cf3a323400be9a96a207c0205,29904,29904,True,True,/p/free-host-tools->/p/pool-host-tools,,graduation-pool-party-greenwood-in.content.json
graduation-pool-party-gulfport-ms,body_markdown,retarget,238c7947732775adf6a2c8051f387bd8f21e15ce87ca78376663f9f978e0e22e,cc26a67329d22c939eeb1035a212639a465a338d79b6e0452e43cc64fc62a991,30768,30768,True,True,/p/free-host-tools->/p/pool-host-tools,,graduation-pool-party-gulfport-ms.body_markdown.json
graduation-pool-party-gulfport-ms,content,retarget,238c7947732775adf6a2c8051f387bd8f21e15ce87ca78376663f9f978e0e22e,cc26a67329d22c939eeb1035a212639a465a338d79b6e0452e43cc64fc62a991,30768,30768,True,True,/p/free-host-tools->/p/pool-host-tools,,graduation-pool-party-gulfport-ms.content.json
graduation-pool-party-hesperia-ca,body_markdown,retarget,0c981566d8bd73a78455e505eeb43e5e0d3d74a85cb657984cc13fd8824d6941,0eab7611d04258867790581f257fd8197cb26bf7334bb34aaf725f4cecb0d8e6,29936,29936,True,True,/p/free-host-tools->/p/pool-host-tools,,graduation-pool-party-hesperia-ca.body_markdown.json
graduation-pool-party-hesperia-ca,content,retarget,0c981566d8bd73a78455e505eeb43e5e0d3d74a85cb657984cc13fd8824d6941,0eab7611d04258867790581f257fd8197cb26bf7334bb34aaf725f4cecb0d8e6,29936,29936,True,True,/p/free-host-tools->/p/pool-host-tools,,graduation-pool-party-hesperia-ca.content.json
graduation-pool-party-huber-heights-oh,body_markdown,retarget,ec911e4c9f019ded2f7cebd51b364a306a6be324634be8b65436d0fc0563a8f5,5815b0b2dac4c65c3770953342726ca9246e85b89e7a2a0ed7ecb5207c548a45,29826,29826,True,True,/p/free-host-tools->/p/pool-host-tools,,graduation-pool-party-huber-heights-oh.body_markdown.json
graduation-pool-party-huber-heights-oh,content,retarget,ec911e4c9f019ded2f7cebd51b364a306a6be324634be8b65436d0fc0563a8f5,5815b0b2dac4c65c3770953342726ca9246e85b89e7a2a0ed7ecb5207c548a45,29826,29826,True,True,/p/free-host-tools->/p/pool-host-tools,,graduation-pool-party-huber-heights-oh.content.json
graduation-pool-party-jacksonville-nc,body_markdown,retarget,79528aa6a33337a278711f5771f58980ae4d02595f1214eb07e105b1362c24ed,fe989ccdee0c893bb3c7d520b220900e83259c6a06699ff9db31e9076514ae5b,31667,31667,True,True,/p/free-host-tools->/p/pool-host-tools,,graduation-pool-party-jacksonville-nc.body_markdown.json
graduation-pool-party-jacksonville-nc,content,retarget,79528aa6a33337a278711f5771f58980ae4d02595f1214eb07e105b1362c24ed,fe989ccdee0c893bb3c7d520b220900e83259c6a06699ff9db31e9076514ae5b,31667,31667,True,True,/p/free-host-tools->/p/pool-host-tools,,graduation-pool-party-jacksonville-nc.content.json
graduation-pool-party-kannapolis-nc,body_markdown,retarget,47d0dcf5780f9b1e650d3a2511a2e19eda59110e1a4f72159820238ff975416d,e2fc9751febd1bd9a9b463bc4632bf17e97e2ca8f8be24f0ed1dd95d558f1ac6,30401,30401,True,True,/p/free-host-tools->/p/pool-host-tools,,graduation-pool-party-kannapolis-nc.body_markdown.json
graduation-pool-party-kannapolis-nc,content,retarget,47d0dcf5780f9b1e650d3a2511a2e19eda59110e1a4f72159820238ff975416d,e2fc9751febd1bd9a9b463bc4632bf17e97e2ca8f8be24f0ed1dd95d558f1ac6,30401,30401,True,True,/p/free-host-tools->/p/pool-host-tools,,graduation-pool-party-kannapolis-nc.content.json
graduation-pool-party-kenner-la,body_markdown,retarget,9a24ad20fb459d08019f5e3551a1dfac55b700b37152f40b60270591b7c7201d,aca04f7c773cc2c4737b21cf7bd226374436d06905605343ffea9336029184d1,32914,32914,True,True,/p/free-host-tools->/p/pool-host-tools,,graduation-pool-party-kenner-la.body_markdown.json
graduation-pool-party-kenner-la,content,retarget,9a24ad20fb459d08019f5e3551a1dfac55b700b37152f40b60270591b7c7201d,aca04f7c773cc2c4737b21cf7bd226374436d06905605343ffea9336029184d1,32914,32914,True,True,/p/free-host-tools->/p/pool-host-tools,,graduation-pool-party-kenner-la.content.json
graduation-pool-party-kokomo-in,body_markdown,retarget,78c651d00a95472a9d545ea58a605149bc793f9251b34b10739b8adddfb2d020,13dc56a1fd0a8717bb31fb45f44610e35967d642ce3c2e4af13426996e1d695f,32469,32469,True,True,/p/free-host-tools->/p/pool-host-tools,,graduation-pool-party-kokomo-in.body_markdown.json
graduation-pool-party-kokomo-in,content,retarget,78c651d00a95472a9d545ea58a605149bc793f9251b34b10739b8adddfb2d020,13dc56a1fd0a8717bb31fb45f44610e35967d642ce3c2e4af13426996e1d695f,32469,32469,True,True,/p/free-host-tools->/p/pool-host-tools,,graduation-pool-party-kokomo-in.content.json
graduation-pool-party-la-vergne-tn,body_markdown,retarget,cc3f16076c4e42458373c90e3e114238c0e4f84de06e933645b070f1f1f66f91,7db2c5897524cc4bc883c995f690c7f61e412071d27fae639c07cdc2c2ec1830,20427,20427,True,True,/p/free-host-tools->/p/pool-host-tools,,graduation-pool-party-la-vergne-tn.body_markdown.json
graduation-pool-party-lakeland-fl,body_markdown,retarget,4fe12c8719918266aeec943abcd6731a94375cc720f7b0751dacaedd75b4bd72,0e3d592ab37c03da3ec58d09924037f2e73b5340f988cd011ecc52841311d79e,18254,18254,True,True,/p/free-host-tools->/p/pool-host-tools,,graduation-pool-party-lakeland-fl.body_markdown.json
graduation-pool-party-lakeland-fl,content,retarget,e64f71dd28586ea1d121d042f2ea118f36905b523553be122f8d6997a138faa9,c8061507b43b2ca3d139c4b66a18cf5a0487db00be9eb43c738dfb238945219f,18397,18397,True,True,/p/free-host-tools->/p/pool-host-tools,,graduation-pool-party-lakeland-fl.content.json
graduation-pool-party-lebanon-tn,body_markdown,retarget,df395eb53a346d223e65bed567a422cefcf3bca15aed57f7955d08a67e611f73,cf5668e84ab152d76c0989f1b1bf23d4538bf759c3f6ca8411d612dbb4098069,18547,18547,True,True,/p/free-host-tools->/p/pool-host-tools,,graduation-pool-party-lebanon-tn.body_markdown.json
graduation-pool-party-lebanon-tn,content,retarget,a4a1401d73b06e3527d64ee57fec8ec2ba4ac44797ae6afdecdab5770f8689dc,2ce4afd1bfdea824da4ab364808c6cbe8b90321ac18b8c7e00ba6a3aa00fd970,18722,18722,True,True,/p/free-host-tools->/p/pool-host-tools,,graduation-pool-party-lebanon-tn.content.json
graduation-pool-party-lees-summit-mo,body_markdown,retarget,ecd1947b3b63a119a8703239ce44c0e3434f32f0a87629c5f1754d115fc7d81c,d4ad42bbb526dafb2efdb92b1c6f9fa35fb3f58a688c44a861735919616cda46,30323,30323,True,True,/p/free-host-tools->/p/pool-host-tools,,graduation-pool-party-lees-summit-mo.body_markdown.json
graduation-pool-party-lees-summit-mo,content,retarget,ecd1947b3b63a119a8703239ce44c0e3434f32f0a87629c5f1754d115fc7d81c,d4ad42bbb526dafb2efdb92b1c6f9fa35fb3f58a688c44a861735919616cda46,30323,30323,True,True,/p/free-host-tools->/p/pool-host-tools,,graduation-pool-party-lees-summit-mo.content.json
graduation-pool-party-lenexa-ks,body_markdown,retarget,99899b655e810c239372b33be01cb14890314b4df9d5fbc35c584531a3fb4d6f,d9608201040ccc0cdf810642fd8132fd4269168f4c574ac9b1c2bd85d7131534,18100,18100,True,True,/p/free-host-tools->/p/pool-host-tools,,graduation-pool-party-lenexa-ks.body_markdown.json
graduation-pool-party-lenexa-ks,content,retarget,06bd9c5bddad0c0d57032386f3b5294ca3bfd3217d4012b5fe60fd6a2ee9f165,301f749ff6ae9e123f26a7943655e709d2646d0c2384759cffd693a70a3caae1,18164,18164,True,True,/p/free-host-tools->/p/pool-host-tools,,graduation-pool-party-lenexa-ks.content.json
graduation-pool-party-marion-oh,body_markdown,retarget,4c3014bd0a052fc3d83a0a1b087e6073befe8cdf17ae8217800d2d3df4f837e2,05dc6b720911f69a9d3a6fa0d1a3c7974ed9798a619eac20d733eed7d149256f,28734,28734,True,True,/p/free-host-tools->/p/pool-host-tools,,graduation-pool-party-marion-oh.body_markdown.json
graduation-pool-party-marion-oh,content,retarget,4c3014bd0a052fc3d83a0a1b087e6073befe8cdf17ae8217800d2d3df4f837e2,05dc6b720911f69a9d3a6fa0d1a3c7974ed9798a619eac20d733eed7d149256f,28734,28734,True,True,/p/free-host-tools->/p/pool-host-tools,,graduation-pool-party-marion-oh.content.json
graduation-pool-party-mesquite-tx,body_markdown,retarget,b16fd52a54a715344c673449f4349c17dbc0f07db25c38a415c8e82678d88c7f,2cb49bb1d8d6042ead8c60add7ddda15ccad7937036704227fe27fcde061ed4a,18884,18884,True,True,/p/free-host-tools->/p/pool-host-tools,,graduation-pool-party-mesquite-tx.body_markdown.json
graduation-pool-party-mesquite-tx,content,retarget,1133b62ee9efa7aa31b5c7134f694e11da62f64a136ef10878af580a720d3213,943df1fe4ee789007c84c74711da7366cd040fc51ff248af197a040d75d7bac7,19012,19012,True,True,/p/free-host-tools->/p/pool-host-tools,,graduation-pool-party-mesquite-tx.content.json
graduation-pool-party-moore-ok,body_markdown,retarget,3817ea1ae335c318495571d34362545cdc5e0d9ac1766b92549f45e820e2fb6a,a475e32156a79491446d1e8a412e8bdcebc3a54a7c1f0a26ee47050ddd47ab40,29269,29269,True,True,/p/free-host-tools->/p/pool-host-tools,,graduation-pool-party-moore-ok.body_markdown.json
graduation-pool-party-moore-ok,content,retarget,3817ea1ae335c318495571d34362545cdc5e0d9ac1766b92549f45e820e2fb6a,a475e32156a79491446d1e8a412e8bdcebc3a54a7c1f0a26ee47050ddd47ab40,29269,29269,True,True,/p/free-host-tools->/p/pool-host-tools,,graduation-pool-party-moore-ok.content.json
graduation-pool-party-north-las-vegas-nv,body_markdown,retarget,a29d6ef2a8644686883c37c603270809732c602a73b9eca6a3c466d4f9ab96c5,578a44fa5edcd615f74504acb53fb5ebbcbb0ce8ccc0b7bd223188f3e9ec56cf,20494,20494,True,True,/p/free-host-tools->/p/pool-host-tools,,graduation-pool-party-north-las-vegas-nv.body_markdown.json
graduation-pool-party-north-las-vegas-nv,content,retarget,db5c06c69f7ab7f2226ec44d1ae1b919edaf0ac342a0aaf611060b010c7629b5,e347964a78573831c03d6115cf99ab78f5c2123c82b4226193abae3526a7242c,20602,20602,True,True,/p/free-host-tools->/p/pool-host-tools,,graduation-pool-party-north-las-vegas-nv.content.json
graduation-pool-party-olathe-ks,body_markdown,retarget,66ee20e0d81487bdc6aeddec89de0d66b0584eacb4b86beddd8c2760ea655fb2,dd3ef9354e1185f2815b32f69151bf90152172b43ed7edb9872d0abeeca8774c,22369,22369,True,True,/p/free-host-tools->/p/pool-host-tools,,graduation-pool-party-olathe-ks.body_markdown.json
graduation-pool-party-olathe-ks,content,retarget,231aa99aa8947dab3f6445f223f6a764a06a0c052c0e3aee387335280f7a1169,821152dcd8ac400a1eb82a4e061741a09dc89e68774379c0ac88d8d15742fa3e,22433,22433,True,True,/p/free-host-tools->/p/pool-host-tools,,graduation-pool-party-olathe-ks.content.json
graduation-pool-party-owasso-ok,body_markdown,retarget,d8529a362c9e9cff49be60989f88a61abaa0860201f89587df69d061755d5a7d,ff2ded1b179527c4277b5211307033c4ec6cb4882b0c74c5f360c61008b27eba,26443,26443,True,True,/p/free-host-tools->/p/pool-host-tools,,graduation-pool-party-owasso-ok.body_markdown.json
graduation-pool-party-owasso-ok,content,retarget,d8529a362c9e9cff49be60989f88a61abaa0860201f89587df69d061755d5a7d,ff2ded1b179527c4277b5211307033c4ec6cb4882b0c74c5f360c61008b27eba,26443,26443,True,True,/p/free-host-tools->/p/pool-host-tools,,graduation-pool-party-owasso-ok.content.json
graduation-pool-party-pharr-tx,body_markdown,retarget,c30b131e4b45d4aa8c0eb25ce13aa154eb68cf8d9457f21bc6bd5aba2aa0d64e,52a00fbba634f3524357770011247bfed8b0a46881780e19ccb9d190d2fa9f77,17806,17806,True,True,/p/free-host-tools->/p/pool-host-tools,,graduation-pool-party-pharr-tx.body_markdown.json
graduation-pool-party-pharr-tx,content,retarget,034fcaf05a25cb49b3b551e61ba2d9991580d9a7648e9ac2acb57281e3906eaf,036a0d2b89e89bb7b0ee46fe7bf530672029ee1573f63e8d7f42abe9a54d46ba,17902,17902,True,True,/p/free-host-tools->/p/pool-host-tools,,graduation-pool-party-pharr-tx.content.json
graduation-pool-party-pooler-ga,body_markdown,retarget,8842b4ea931ba40e6dc39201c026793f9b1dfc99e985522cf63f7ebaab07a2c1,f7854b8cc1ee059d699cc3336fc074ab066e23df7789ab7d0abd5486cab0c692,21153,21153,True,True,/p/free-host-tools->/p/pool-host-tools,,graduation-pool-party-pooler-ga.body_markdown.json
graduation-pool-party-pooler-ga,content,retarget,7f1a43788f4baaf99e5ec7f1e3295213648123b964e73cc446d11b8125592191,ebefa7ea272c44f9bc5b82ced95e2fab26e0d8a2f107e0446500c32bdf18e852,21330,21330,True,True,/p/free-host-tools->/p/pool-host-tools,,graduation-pool-party-pooler-ga.content.json
graduation-pool-party-prattville-al,body_markdown,retarget,9cac7eb6f4713e50aed7448131831aae201df9ce6cb82673b78cba890b2a1985,dcfe222a04303911a148bba8c88f562799d7c4a37ee02f5b4dddff2120bad8a0,30073,30073,True,True,/p/free-host-tools->/p/pool-host-tools,,graduation-pool-party-prattville-al.body_markdown.json
graduation-pool-party-prattville-al,content,retarget,9cac7eb6f4713e50aed7448131831aae201df9ce6cb82673b78cba890b2a1985,dcfe222a04303911a148bba8c88f562799d7c4a37ee02f5b4dddff2120bad8a0,30073,30073,True,True,/p/free-host-tools->/p/pool-host-tools,,graduation-pool-party-prattville-al.content.json
graduation-pool-party-salina-ks,body_markdown,retarget,3ba37235dc0ab0bf346b4ea5e49ca8ac223fb8734fa7c1d9b82777e42dd0af8d,ec7b0eab2c85e1fa8a948cc62b88a6b728b17e26b4c38b3fbfdba78351035926,19090,19090,True,True,/p/free-host-tools->/p/pool-host-tools,,graduation-pool-party-salina-ks.body_markdown.json
graduation-pool-party-salina-ks,content,retarget,0732f828396663f6fec0e3077007bb6da986cf4f343202c68a8d6264d3250e87,399a016f0a5e0696d26b91d85f011a732c9d4d88dca68d5c860995d9447992e0,19233,19233,True,True,/p/free-host-tools->/p/pool-host-tools,,graduation-pool-party-salina-ks.content.json
graduation-pool-party-slidell-la,body_markdown,retarget,27e990d4cc463b4863b2b4db9769a5b144edf12f71e38d722ddb15b8d745b459,87ab1ca28c3a63370631f4d027787f6ba9e94f73fac259945f1a1c30bfd1361b,31046,31046,True,True,/p/free-host-tools->/p/pool-host-tools,,graduation-pool-party-slidell-la.body_markdown.json
graduation-pool-party-slidell-la,content,retarget,27e990d4cc463b4863b2b4db9769a5b144edf12f71e38d722ddb15b8d745b459,87ab1ca28c3a63370631f4d027787f6ba9e94f73fac259945f1a1c30bfd1361b,31046,31046,True,True,/p/free-host-tools->/p/pool-host-tools,,graduation-pool-party-slidell-la.content.json
graduation-pool-party-spartanburg-sc,body_markdown,retarget,413cd67ac91cf04d2c66dc6b9b21f0bf0ceae998c46a9be1c283022313b4cee7,1261e9dd1447011b62976b281a89976b9175687e54b19dcd397ebf59b9b4c833,20441,20441,True,True,/p/free-host-tools->/p/pool-host-tools,,graduation-pool-party-spartanburg-sc.body_markdown.json
graduation-pool-party-springdale-ar,body_markdown,retarget,3965d78a403e2cc94b4dac296cd9847436f59db21904c6f5da0af8decddfd573,bf76ee2f7377897fae2c0e05567d683bc5b7eda4d471bea3bcc8d971f5c545e4,20288,20288,True,True,/p/free-host-tools->/p/pool-host-tools,,graduation-pool-party-springdale-ar.body_markdown.json
graduation-pool-party-springdale-ar,content,retarget,5dd539998ce22a6fa3bca7cfe077293ddbe73b183a6e454c329d037dbf9347b1,a4a4857b3b11aa1d2f1bd6ac3a52408559e31cba696ea51d8a5eb7e6f86479f8,20412,20412,True,True,/p/free-host-tools->/p/pool-host-tools,,graduation-pool-party-springdale-ar.content.json
graduation-pool-party-victorville-ca,body_markdown,retarget,3616ead21c7f53a7ae19f24a3cf76b03db9fbbb012461ad729a20b4e10580b26,0072c5773d224ef8d3f3cb43bd7ff8ebfb17e203068db0f18844ab5fc1b286d3,20048,20048,True,True,/p/free-host-tools->/p/pool-host-tools,,graduation-pool-party-victorville-ca.body_markdown.json
graduation-pool-party-victorville-ca,content,retarget,cc4a847ade5db37b32ea1fff4655ae82b968d43d31cd1169006f93cc6a3881d3,f238ffab271a9ffff8525fa738ea2ea53ade32e70d22622b6a9731626c4344cc,20261,20261,True,True,/p/free-host-tools->/p/pool-host-tools,,graduation-pool-party-victorville-ca.content.json
graduation-pool-party-yukon-ok,body_markdown,retarget,5c9012dcfb28ecb4e49cd910c1a3254741d2bf93424ef1567119cff82396e6fa,e57fe8e5525fcff64c0115c8ee4e6af2b33248cf5e6e6ae0194f295d55b01258,32619,32619,True,True,/p/free-host-tools->/p/pool-host-tools,,graduation-pool-party-yukon-ok.body_markdown.json
graduation-pool-party-yukon-ok,content,retarget,5c9012dcfb28ecb4e49cd910c1a3254741d2bf93424ef1567119cff82396e6fa,e57fe8e5525fcff64c0115c8ee4e6af2b33248cf5e6e6ae0194f295d55b01258,32619,32619,True,True,/p/free-host-tools->/p/pool-host-tools,,graduation-pool-party-yukon-ok.content.json
guide-to-corporate-event-pool-rental-bentonville-ar,body_markdown,retarget,9ca36a1489dc3d345737abbd3156f3992bec974807dbf48d9a3d65987debd77b,8570e8093683ddaa627c31c990dec493cc6a102b427c6c8d035ecef82be82a39,35564,35564,True,True,/p/free-host-tools->/p/pool-host-tools,,guide-to-corporate-event-pool-rental-bentonville-ar.body_markdown.json
guide-to-corporate-event-pool-rental-bentonville-ar,content,retarget,ff2b54fa7fa987f289dbe15b9ba6c4723da5463d58c1140b998e38d501613294,d7f692ed17f8096fcc86107ff83c4c39dd3ee475e4bde2f7e42380d667374d42,35720,35720,True,True,/p/free-host-tools->/p/pool-host-tools,,guide-to-corporate-event-pool-rental-bentonville-ar.content.json
guide-to-corporate-event-pool-rental-lenexa-ks,content,retarget,66a8d7c455ee29fd857ffd3269a296158d146ffc8fc52f7fceca25a9b56f1209,9aee6fe2a34248d86f1f416649e3a779d3320c7b0db8841a7d0a889257aba472,35554,35554,True,True,/p/free-host-tools->/p/pool-host-tools,,guide-to-corporate-event-pool-rental-lenexa-ks.content.json
guide-to-corporate-event-pool-rental-peoria-il,body_markdown,retarget,0a84ce147e62f2bfd48541834480bb217501a7ce233fe799c1df92fc7b6a2dcd,d49cdd89d7b8adb6aee6c33783d0cfcb461f58cf649dd88e51a0e22a3b68f282,32221,32221,True,True,/p/free-host-tools->/p/pool-host-tools,,guide-to-corporate-event-pool-rental-peoria-il.body_markdown.json
guide-to-corporate-event-pool-rental-peoria-il,content,retarget,0a84ce147e62f2bfd48541834480bb217501a7ce233fe799c1df92fc7b6a2dcd,d49cdd89d7b8adb6aee6c33783d0cfcb461f58cf649dd88e51a0e22a3b68f282,32221,32221,True,True,/p/free-host-tools->/p/pool-host-tools,,guide-to-corporate-event-pool-rental-peoria-il.content.json
guide-to-corporate-event-pool-rental-springdale-ar,body_markdown,retarget,523449b0a61d952e55040197db6227c1f5adab0014c5cf62a7fac1b1f8e686e6,f651bbcf4ddcc75bbd6c96ceff389bf3117bcb5a1f774222492dfecbee441ea2,31959,31959,True,True,/p/free-host-tools->/p/pool-host-tools,,guide-to-corporate-event-pool-rental-springdale-ar.body_markdown.json
guide-to-corporate-event-pool-rental-springdale-ar,content,retarget,027be723f5dfbcc96c4f8dbe0e6af87eadafdafa781d2abb609db1b70f73118c,6703f54ff0ad77aa8ac966b34cc59e1f3d31fd0ba1c75eee0023395340e1ab74,32080,32080,True,True,/p/free-host-tools->/p/pool-host-tools,,guide-to-corporate-event-pool-rental-springdale-ar.content.json
guide-to-family-reunion-pool-rental-amarillo-tx,body_markdown,retarget,8dff7d5c0244cc95b3713190ae481bed2e9e2e63bbedcfa5f5c2bbda64cd1e4b,dbc64f9e1da3266bbaeaff54e4ded858a5af93b93b842c617dc1f77f7d8f97f1,31124,31124,True,True,/p/free-host-tools->/p/pool-host-tools,,guide-to-family-reunion-pool-rental-amarillo-tx.body_markdown.json
guide-to-family-reunion-pool-rental-amarillo-tx,content,retarget,8dff7d5c0244cc95b3713190ae481bed2e9e2e63bbedcfa5f5c2bbda64cd1e4b,dbc64f9e1da3266bbaeaff54e4ded858a5af93b93b842c617dc1f77f7d8f97f1,31124,31124,True,True,/p/free-host-tools->/p/pool-host-tools,,guide-to-family-reunion-pool-rental-amarillo-tx.content.json
guide-to-family-reunion-pool-rental-anderson-in,body_markdown,retarget,6cb8fafe4e30fca63bd18ff0b68b9c9fae250234384119add7fa6408d43c0e38,f4336777acb87fce7f552b26d25517ceb30d3d6900cc29887b65aa3a4631b68e,31959,31959,True,True,/p/free-host-tools->/p/pool-host-tools,,guide-to-family-reunion-pool-rental-anderson-in.body_markdown.json
guide-to-family-reunion-pool-rental-bentonville-ar,content,retarget,6d51f96b7790604da79c6ba98775551a0a2583bcea04a10231ab1f7dec5bb9a9,b63d32aef79c57d9fb94cc35431977abdd72cc851e21e5447fcff895d8b36123,35871,35871,True,True,/p/free-host-tools->/p/pool-host-tools,,guide-to-family-reunion-pool-rental-bentonville-ar.content.json
guide-to-family-reunion-pool-rental-biloxi-ms,body_markdown,retarget,91870b002c87bf80a4fdeb74e50f4553b9e3ac87273f8153ff9147fe013e9579,e1fe0e17e39e0bc246661eb43431261d145bb40b6ea129548f37fe32ceae4cc7,26913,26913,True,True,/p/free-host-tools->/p/pool-host-tools,,guide-to-family-reunion-pool-rental-biloxi-ms.body_markdown.json
guide-to-family-reunion-pool-rental-biloxi-ms,content,retarget,91870b002c87bf80a4fdeb74e50f4553b9e3ac87273f8153ff9147fe013e9579,e1fe0e17e39e0bc246661eb43431261d145bb40b6ea129548f37fe32ceae4cc7,26913,26913,True,True,/p/free-host-tools->/p/pool-host-tools,,guide-to-family-reunion-pool-rental-biloxi-ms.content.json
guide-to-family-reunion-pool-rental-bloomington-il,body_markdown,retarget,bf2aab7333da5a63be3e7a5048d48afb59a3d8a91c01a9358956193c329d4996,6b30e07c51213ca3c81d2b3a88ab5c8207ae6139ea8f491ec1af64e8c2fd3e0b,38018,38018,True,True,/p/free-host-tools->/p/pool-host-tools,,guide-to-family-reunion-pool-rental-bloomington-il.body_markdown.json
guide-to-family-reunion-pool-rental-bloomington-il,content,retarget,f12cdc034069d8840d6a4b9f08295ce146aec528137d09b64ba1dd1c0397c91b,44e936afdb2c0916f41f047155b6805e2b5f05528d82f79d18a408a056ee4e0d,38196,38196,True,True,/p/free-host-tools->/p/pool-host-tools,,guide-to-family-reunion-pool-rental-bloomington-il.content.json
guide-to-family-reunion-pool-rental-bossier-city-la,body_markdown,retarget,89a832352aadb535cb67cf053f86612f49424d4b6743598bebb6e594d5e92e57,0241b3dff5aaa120836945e966d1bc4f723fb5bdfd3773ba753e6416941a80b9,27662,27662,True,True,/p/free-host-tools->/p/pool-host-tools,,guide-to-family-reunion-pool-rental-bossier-city-la.body_markdown.json
guide-to-family-reunion-pool-rental-bossier-city-la,content,retarget,89a832352aadb535cb67cf053f86612f49424d4b6743598bebb6e594d5e92e57,0241b3dff5aaa120836945e966d1bc4f723fb5bdfd3773ba753e6416941a80b9,27662,27662,True,True,/p/free-host-tools->/p/pool-host-tools,,guide-to-family-reunion-pool-rental-bossier-city-la.content.json
guide-to-family-reunion-pool-rental-brownsville-tx,body_markdown,retarget,2fc68e5b1f6547c85525b67572fd83b02896b5c79bb7b496a312a3aad23168ab,1cf108d7d95ecdc3f8d6e3d168c75f969ec340d5cd9f223d76cea8bb7d6ee956,29808,29808,True,True,/p/free-host-tools->/p/pool-host-tools,,guide-to-family-reunion-pool-rental-brownsville-tx.body_markdown.json
guide-to-family-reunion-pool-rental-brownsville-tx,content,retarget,2fc68e5b1f6547c85525b67572fd83b02896b5c79bb7b496a312a3aad23168ab,1cf108d7d95ecdc3f8d6e3d168c75f969ec340d5cd9f223d76cea8bb7d6ee956,29808,29808,True,True,/p/free-host-tools->/p/pool-host-tools,,guide-to-family-reunion-pool-rental-brownsville-tx.content.json
guide-to-family-reunion-pool-rental-buckeye-az,body_markdown,retarget,73cd65ef2e8b22973e410dca53cad58ba8cd28ec854a7293c163341ead7603d4,589ec32ec9f7c1e1667b01fbe703013330957ebbd2a9bb3d127afe323ce3598e,33667,33667,True,True,/p/free-host-tools->/p/pool-host-tools,,guide-to-family-reunion-pool-rental-buckeye-az.body_markdown.json
guide-to-family-reunion-pool-rental-buckeye-az,content,retarget,9e42e4aca3496a833b07cebf16b5ef7210757cf9a7a20f0f8db32ed902950007,7aa720af009963469d2eb8bc01c9f7f4ee9cbc9eb0254afef0cbfbd1fba5e634,33845,33845,True,True,/p/free-host-tools->/p/pool-host-tools,,guide-to-family-reunion-pool-rental-buckeye-az.content.json
guide-to-family-reunion-pool-rental-bullhead-city-az,body_markdown,retarget,ee413f3d1944ab24ea8dc27ea9610f58e9b10c561c5bb215c76da4e92c94968f,dd730c5c133d952b582717fa816f6ff653ceb2252b4750514a6af47513801f5a,36260,36260,True,True,/p/free-host-tools->/p/pool-host-tools,,guide-to-family-reunion-pool-rental-bullhead-city-az.body_markdown.json
guide-to-family-reunion-pool-rental-bullhead-city-az,content,retarget,a5afa04850233304729f7a3d2bd303b0caa8c102e2e5b8d54b1af953352b1d95,230da2f35658a4103b09aa0c34e032233d598f1b947e39cd8be1ab2502597d48,36381,36381,True,True,/p/free-host-tools->/p/pool-host-tools,,guide-to-family-reunion-pool-rental-bullhead-city-az.content.json
guide-to-family-reunion-pool-rental-casa-grande-az,body_markdown,retarget,54b26fc76a7cc79e9b7047010e0d5743499a55c80347456e81e8e360c08d7eb2,10d5023f5222fb72da80a153f5f7284b42347cf17d28f6b9400225b26de00b77,31116,31116,True,True,/p/free-host-tools->/p/pool-host-tools,,guide-to-family-reunion-pool-rental-casa-grande-az.body_markdown.json
guide-to-family-reunion-pool-rental-casa-grande-az,content,retarget,54b26fc76a7cc79e9b7047010e0d5743499a55c80347456e81e8e360c08d7eb2,10d5023f5222fb72da80a153f5f7284b42347cf17d28f6b9400225b26de00b77,31116,31116,True,True,/p/free-host-tools->/p/pool-host-tools,,guide-to-family-reunion-pool-rental-casa-grande-az.content.json
guide-to-family-reunion-pool-rental-dalton-ga,content,retarget,a68e3e26c3331a551c245fe6b1346b2809dbbea1d1d4cd444943b67e36c3e183,5533e688da2bed92ee895b0663b0068a8cb0304841921d4190c8153e4c523eab,37198,37198,True,True,/p/free-host-tools->/p/pool-host-tools,,guide-to-family-reunion-pool-rental-dalton-ga.content.json
guide-to-family-reunion-pool-rental-decatur-al,body_markdown,retarget,95dab1b327b9fb325ea7c57cba5b9f5f392a69c829b766ae5eaaa05b5ed704d7,e0faafd1998a9f2ad25406e06028869dd2d2875517a7f4768a7226e11ad94055,33343,33343,True,True,/p/free-host-tools->/p/pool-host-tools,,guide-to-family-reunion-pool-rental-decatur-al.body_markdown.json
guide-to-family-reunion-pool-rental-decatur-al,content,retarget,694e2557c02bceea1aae3ac17dabf3d88740c015ee1fc20cdda028d350882d06,8841441c16c020d9a0f0d1c68ae072e58b78aec79132e5300c31937b05698370,33464,33464,True,True,/p/free-host-tools->/p/pool-host-tools,,guide-to-family-reunion-pool-rental-decatur-al.content.json
guide-to-family-reunion-pool-rental-dothan-al,body_markdown,retarget,a431606ce3c741016451beedd45b2d7a4bc37f6293889a33cce31f27e8915389,c59cd1db26fc5e05a2899355585c5b8c36958ab04efbe3968129f39d9e1cb99e,33931,33931,True,True,/p/free-host-tools->/p/pool-host-tools,,guide-to-family-reunion-pool-rental-dothan-al.body_markdown.json
guide-to-family-reunion-pool-rental-edinburg-tx,body_markdown,retarget,dd4f237b989fb1c32977ba74ced952d55b04dbb1935b2d39ff170adda8f401bf,e7b68139f4e97b86fe24c35321543da04732d9f734197e1af4c776c7e31990ae,28679,28679,True,True,/p/free-host-tools->/p/pool-host-tools,,guide-to-family-reunion-pool-rental-edinburg-tx.body_markdown.json
guide-to-family-reunion-pool-rental-edinburg-tx,content,retarget,dd4f237b989fb1c32977ba74ced952d55b04dbb1935b2d39ff170adda8f401bf,e7b68139f4e97b86fe24c35321543da04732d9f734197e1af4c776c7e31990ae,28679,28679,True,True,/p/free-host-tools->/p/pool-host-tools,,guide-to-family-reunion-pool-rental-edinburg-tx.content.json
guide-to-family-reunion-pool-rental-elizabethtown-ky,body_markdown,retarget,2ab73d76c79bab59db311951188a2d2b638a1ba42050dfa72fc0a9e741a13545,ff5bbb9c11d5d0a3a1ce2c5969624365753218aa5638d79a6f820a8d127f3049,30671,30671,True,True,/p/free-host-tools->/p/pool-host-tools,,guide-to-family-reunion-pool-rental-elizabethtown-ky.body_markdown.json
guide-to-family-reunion-pool-rental-elizabethtown-ky,content,retarget,cf837486d1d131977b74d3cf8b6ba2337fa16cc6c64a56a89ea47f5630cfa571,bf0b3bcbeb299e1f57e4654f071570e0e9c4f5322e38649a570eaf2577eae930,30760,30760,True,True,/p/free-host-tools->/p/pool-host-tools,,guide-to-family-reunion-pool-rental-elizabethtown-ky.content.json
guide-to-family-reunion-pool-rental-fairfield-oh,body_markdown,retarget,534c0b82164d60d56ac197e16b729fa7a4e99fe70926049130256440dd680bb4,f4b1fbdc82bc80262a44bb5a6de19b68bf904283285bf6ba812ddc618d66e8d5,30423,30423,True,True,/p/free-host-tools->/p/pool-host-tools,,guide-to-family-reunion-pool-rental-fairfield-oh.body_markdown.json
guide-to-family-reunion-pool-rental-fairfield-oh,content,retarget,534c0b82164d60d56ac197e16b729fa7a4e99fe70926049130256440dd680bb4,f4b1fbdc82bc80262a44bb5a6de19b68bf904283285bf6ba812ddc618d66e8d5,30423,30423,True,True,/p/free-host-tools->/p/pool-host-tools,,guide-to-family-reunion-pool-rental-fairfield-oh.content.json
guide-to-family-reunion-pool-rental-fayetteville-nc,body_markdown,retarget,224c4ab1d3b34c7c0adee3e5c30b8c289f8db4a9e4d8dc353b8b2fefab1c51f8,88ef96cb0648c5d9b3fa68a15f64bfa66f25af3c44ee30c9f6d68523a3ec4789,29059,29059,True,True,/p/free-host-tools->/p/pool-host-tools,,guide-to-family-reunion-pool-rental-fayetteville-nc.body_markdown.json
guide-to-family-reunion-pool-rental-fayetteville-nc,content,retarget,224c4ab1d3b34c7c0adee3e5c30b8c289f8db4a9e4d8dc353b8b2fefab1c51f8,88ef96cb0648c5d9b3fa68a15f64bfa66f25af3c44ee30c9f6d68523a3ec4789,29059,29059,True,True,/p/free-host-tools->/p/pool-host-tools,,guide-to-family-reunion-pool-rental-fayetteville-nc.content.json
guide-to-family-reunion-pool-rental-goose-creek-sc,body_markdown,retarget,e238e40f437f6034615b3466f55e14a116e5dfa8bbd17a74df117414c2deeb05,326e440bea1e7895a4ba621c985dd0c768e11daa77f8184338b55ba658c11eea,29506,29506,True,True,/p/free-host-tools->/p/pool-host-tools,,guide-to-family-reunion-pool-rental-goose-creek-sc.body_markdown.json
guide-to-family-reunion-pool-rental-goose-creek-sc,content,retarget,e238e40f437f6034615b3466f55e14a116e5dfa8bbd17a74df117414c2deeb05,326e440bea1e7895a4ba621c985dd0c768e11daa77f8184338b55ba658c11eea,29506,29506,True,True,/p/free-host-tools->/p/pool-host-tools,,guide-to-family-reunion-pool-rental-goose-creek-sc.content.json
guide-to-family-reunion-pool-rental-greenwood-in,body_markdown,retarget,2f681a8485f617b187b1e0466116c0ac504d4c72662e41c8fa47557e785f7464,c50df8225eb65d08eb18e7c101dd251f263da92291cd8ff793c52e115f463b22,31674,31674,True,True,/p/free-host-tools->/p/pool-host-tools,,guide-to-family-reunion-pool-rental-greenwood-in.body_markdown.json
guide-to-family-reunion-pool-rental-greenwood-in,content,retarget,2f681a8485f617b187b1e0466116c0ac504d4c72662e41c8fa47557e785f7464,c50df8225eb65d08eb18e7c101dd251f263da92291cd8ff793c52e115f463b22,31674,31674,True,True,/p/free-host-tools->/p/pool-host-tools,,guide-to-family-reunion-pool-rental-greenwood-in.content.json
guide-to-family-reunion-pool-rental-hinesville-ga,body_markdown,retarget,6700eb9cc2a37faaf142cb2c93c066a092d6aec7db9019539084ada80379c188,a4a526e38d4b3d12e22f25133d93df3ad9103ec9714205fe0322faef7abc77d9,32099,32099,True,True,/p/free-host-tools->/p/pool-host-tools,,guide-to-family-reunion-pool-rental-hinesville-ga.body_markdown.json
guide-to-family-reunion-pool-rental-hinesville-ga,content,retarget,6700eb9cc2a37faaf142cb2c93c066a092d6aec7db9019539084ada80379c188,a4a526e38d4b3d12e22f25133d93df3ad9103ec9714205fe0322faef7abc77d9,32099,32099,True,True,/p/free-host-tools->/p/pool-host-tools,,guide-to-family-reunion-pool-rental-hinesville-ga.content.json
guide-to-family-reunion-pool-rental-janesville-wi,body_markdown,retarget,3769818c5a22f13a8ed7bb8d56c634ef26783b5ad4615245f2df37f0e6475d50,06029f9437ca3bddd0db26fcdd8def0e801a1ea50736f945e741c733e6d6a0ba,30810,30810,True,True,/p/free-host-tools->/p/pool-host-tools,,guide-to-family-reunion-pool-rental-janesville-wi.body_markdown.json
guide-to-family-reunion-pool-rental-janesville-wi,content,retarget,3769818c5a22f13a8ed7bb8d56c634ef26783b5ad4615245f2df37f0e6475d50,06029f9437ca3bddd0db26fcdd8def0e801a1ea50736f945e741c733e6d6a0ba,30810,30810,True,True,/p/free-host-tools->/p/pool-host-tools,,guide-to-family-reunion-pool-rental-janesville-wi.content.json
guide-to-family-reunion-pool-rental-jeffersonville-in,body_markdown,retarget,e740bf3cf8cd3a789ec23b92daa6c2c885cbdce96f03525fb890603ea015cffc,8a13ff3088c9366ebbed48bf3ac950bac4653fac412f20d5242cfdddf8dcf643,32973,32973,True,True,/p/free-host-tools->/p/pool-host-tools,,guide-to-family-reunion-pool-rental-jeffersonville-in.body_markdown.json
guide-to-family-reunion-pool-rental-jeffersonville-in,content,retarget,2c20a4a0f67b57d8d932c044a272de6f1afdd16e66e6659c3a6b4ddd4d7b20ca,8e2c33812b2d099913e1adb6bdef07ca5b3ee9790a28e9a64d4d1e812c3bb026,33072,33072,True,True,/p/free-host-tools->/p/pool-host-tools,,guide-to-family-reunion-pool-rental-jeffersonville-in.content.json
guide-to-family-reunion-pool-rental-joplin-mo,content,retarget,c3d6872f1b999e00816f29ecb175966519c4fd199bf44c1580b57a78ab896bc3,f676a1f476bbd70b540e101fcec4aecf36f42cb4083748eafd05aaff5be63d99,35685,35685,True,True,/p/free-host-tools->/p/pool-host-tools,,guide-to-family-reunion-pool-rental-joplin-mo.content.json
guide-to-family-reunion-pool-rental-la-vergne-tn,body_markdown,retarget,b797b708be82ca402b5515a590b1015e9ad0e341c55ad83ba8aabb19f2dae177,26e6c677514333caa05ae12ad2627a3c0a1269baeb9ba8738698580ff6e4a930,32848,32848,True,True,/p/free-host-tools->/p/pool-host-tools,,guide-to-family-reunion-pool-rental-la-vergne-tn.body_markdown.json
guide-to-family-reunion-pool-rental-la-vergne-tn,content,retarget,a3b4f3f7fbb739a66663da332bce0cc8bc69fbec1ba9348304c8353a13fb06d3,cb6d6d15754edcc1ab5ee9a4b287ca4386f09305ac42872091cbcd632986b8ac,33026,33026,True,True,/p/free-host-tools->/p/pool-host-tools,,guide-to-family-reunion-pool-rental-la-vergne-tn.content.json
guide-to-family-reunion-pool-rental-lake-charles-la,body_markdown,retarget,8de0c5518a23b9d120daed89cc561fad3cc8c9062fbce6a586e90a3a640abd58,501064ef9375cd2218406989db2ca769f215aa230a9e47f80cb108a337a81ff9,31009,31009,True,True,/p/free-host-tools->/p/pool-host-tools,,guide-to-family-reunion-pool-rental-lake-charles-la.body_markdown.json
guide-to-family-reunion-pool-rental-lake-charles-la,content,retarget,8de0c5518a23b9d120daed89cc561fad3cc8c9062fbce6a586e90a3a640abd58,501064ef9375cd2218406989db2ca769f215aa230a9e47f80cb108a337a81ff9,31009,31009,True,True,/p/free-host-tools->/p/pool-host-tools,,guide-to-family-reunion-pool-rental-lake-charles-la.content.json
guide-to-family-reunion-pool-rental-lebanon-tn,body_markdown,retarget,5db8696adcb22a243680ecb03000ab65b839e059b97be3cb59a33a3828688f85,5ef4a07fd1862e51d726608248bf5bb8d9ccff26f79b1373088c184bf15a90cb,36952,36952,True,True,/p/free-host-tools->/p/pool-host-tools,,guide-to-family-reunion-pool-rental-lebanon-tn.body_markdown.json
guide-to-family-reunion-pool-rental-lebanon-tn,content,retarget,b61a952d8aabf7e8f8b618744ed8f9f6036c941b7f5976a84eed9f397a3e07c2,19adeecb61892fb95c1d85f911aa751e88e7c455461c56c911ba4c535a05e0ad,37095,37095,True,True,/p/free-host-tools->/p/pool-host-tools,,guide-to-family-reunion-pool-rental-lebanon-tn.content.json
guide-to-family-reunion-pool-rental-lehigh-acres-fl,body_markdown,retarget,217e5983381d560a2dd67869237d085a304b12a0578a8f37e828ea1db66dc769,f1125e640d631dc0cee6a4622e1e80e752b9f7b5f3e9ef3b94eb3d1c0363d9b3,31068,31068,True,True,/p/free-host-tools->/p/pool-host-tools,,guide-to-family-reunion-pool-rental-lehigh-acres-fl.body_markdown.json
guide-to-family-reunion-pool-rental-lehigh-acres-fl,content,retarget,217e5983381d560a2dd67869237d085a304b12a0578a8f37e828ea1db66dc769,f1125e640d631dc0cee6a4622e1e80e752b9f7b5f3e9ef3b94eb3d1c0363d9b3,31068,31068,True,True,/p/free-host-tools->/p/pool-host-tools,,guide-to-family-reunion-pool-rental-lehigh-acres-fl.content.json
guide-to-family-reunion-pool-rental-lenexa-ks,body_markdown,retarget,33e76ca8de2985ddff8c486d92bd773846ffded67e347c0c522d897193af54b3,a6ca3c5624729d21d7080fa5862da87a1b42b297aa432d18813c79a9d902eb82,33639,33639,True,True,/p/free-host-tools->/p/pool-host-tools,,guide-to-family-reunion-pool-rental-lenexa-ks.body_markdown.json
guide-to-family-reunion-pool-rental-lenexa-ks,content,retarget,08f1b14760efa272e74eb3aa4c4e436cf5845fe16a74eda7b6f75b97a30e07cb,b1f50654168433417e1a0db07f9b534b16614e3f0bb80817db0ab8d58a8416d0,33795,33795,True,True,/p/free-host-tools->/p/pool-host-tools,,guide-to-family-reunion-pool-rental-lenexa-ks.content.json
guide-to-family-reunion-pool-rental-mansfield-tx,body_markdown,retarget,225621244d94b7a2b89548f30f111ddc83ec5d355e9dc184432147a1719b54a4,6027ab0104d917b6fbb79603aef710219d71648915908389d1f41d4d62496464,31172,31172,True,True,/p/free-host-tools->/p/pool-host-tools,,guide-to-family-reunion-pool-rental-mansfield-tx.body_markdown.json
guide-to-family-reunion-pool-rental-mansfield-tx,content,retarget,225621244d94b7a2b89548f30f111ddc83ec5d355e9dc184432147a1719b54a4,6027ab0104d917b6fbb79603aef710219d71648915908389d1f41d4d62496464,31172,31172,True,True,/p/free-host-tools->/p/pool-host-tools,,guide-to-family-reunion-pool-rental-mansfield-tx.content.json
guide-to-family-reunion-pool-rental-mesquite-tx,content,retarget,cab8feee1b2a15ec070fa32a375f6d6d14996fffbd97543338554a0eac7ff997,7673723f036b2b37bab1809981e11d8408f56984da301b7327e5c5446b5d5a5e,36227,36227,True,True,/p/free-host-tools->/p/pool-host-tools,,guide-to-family-reunion-pool-rental-mesquite-tx.content.json
guide-to-family-reunion-pool-rental-new-albany-in,body_markdown,retarget,0b72d230c2b0024544c07c8722c11166f04f6df189f7537ce99412b7cc06bfe2,69f6d99a36687288a02457983ddb2976ace1924c2fe568840650b371b0070fd9,30345,30345,True,True,/p/free-host-tools->/p/pool-host-tools,,guide-to-family-reunion-pool-rental-new-albany-in.body_markdown.json
guide-to-family-reunion-pool-rental-olive-branch-ms,body_markdown,retarget,43a16c7e356b80c283d2ae7d96e7e08c1cd8024efdf1e06bc8e44ac88b3410b6,96c0ac3557a61349555cdb7ca8fb1d325e6dc9014eb338e04c0d0aebdd9e59b4,32475,32475,True,True,/p/free-host-tools->/p/pool-host-tools,,guide-to-family-reunion-pool-rental-olive-branch-ms.body_markdown.json
guide-to-family-reunion-pool-rental-olive-branch-ms,content,retarget,2fd589296a4017ad7b05c24dcf5719d19b574945a04f7254eb7bbfaec654d910,c7f2c4362e1d731a2de57476ebc65e6116aab06cb259de8d1a67fbd52d124250,32596,32596,True,True,/p/free-host-tools->/p/pool-host-tools,,guide-to-family-reunion-pool-rental-olive-branch-ms.content.json
guide-to-family-reunion-pool-rental-oshkosh-wi,body_markdown,retarget,2fa2b17ef1c471716c3b915abf948bf606bbe13bff4abae5052b8569b295c4b6,ace1a56be2c92deab8bc8683d99e00998168340a36ef5a91c85b7e4172285458,26981,26981,True,True,/p/free-host-tools->/p/pool-host-tools,,guide-to-family-reunion-pool-rental-oshkosh-wi.body_markdown.json
guide-to-family-reunion-pool-rental-palmdale-ca,body_markdown,retarget,be9c637e0d7f62fee001d0345c0a18c817acc0a187595ac37c27f71df25a83dc,9ef3af38a312d2fa63f7916bdf2c2ea2ca187f03a40a1c91fdb58a961de45a94,32656,32656,True,True,/p/free-host-tools->/p/pool-host-tools,,guide-to-family-reunion-pool-rental-palmdale-ca.body_markdown.json
guide-to-family-reunion-pool-rental-palmdale-ca,content,retarget,be9c637e0d7f62fee001d0345c0a18c817acc0a187595ac37c27f71df25a83dc,9ef3af38a312d2fa63f7916bdf2c2ea2ca187f03a40a1c91fdb58a961de45a94,32656,32656,True,True,/p/free-host-tools->/p/pool-host-tools,,guide-to-family-reunion-pool-rental-palmdale-ca.content.json
guide-to-family-reunion-pool-rental-pasadena-tx,body_markdown,retarget,0b6a9f36819d6736bc743d24355e5a6badde2997160fe86a190ad3fd138d792c,cd173d60c3e801d661bd58adeffd16c158267435660c7576404a240ec3d2a795,29426,29426,True,True,/p/free-host-tools->/p/pool-host-tools,,guide-to-family-reunion-pool-rental-pasadena-tx.body_markdown.json
guide-to-family-reunion-pool-rental-pearland-tx,body_markdown,retarget,a93e9a1f449b41c8cd223a3ed82b685666b2bf01f5361408efe58c5f5d34fda5,73eff2393644de1fbc90cdc1bec53e986a3a81d63472aa4fbf71ce857cd747fc,30097,30097,True,True,/p/free-host-tools->/p/pool-host-tools,,guide-to-family-reunion-pool-rental-pearland-tx.body_markdown.json
guide-to-family-reunion-pool-rental-perris-ca,body_markdown,retarget,0081c8bee9796eea69314fc965e57fc3310f26fb4d21c839fc8a086d77e932ab,e3f0e50b5e52ee3aa067a6b070cf0f603af477f3d10efeb30daa26b707087165,28882,28882,True,True,/p/free-host-tools->/p/pool-host-tools,,guide-to-family-reunion-pool-rental-perris-ca.body_markdown.json
guide-to-family-reunion-pool-rental-perris-ca,content,retarget,0081c8bee9796eea69314fc965e57fc3310f26fb4d21c839fc8a086d77e932ab,e3f0e50b5e52ee3aa067a6b070cf0f603af477f3d10efeb30daa26b707087165,28882,28882,True,True,/p/free-host-tools->/p/pool-host-tools,,guide-to-family-reunion-pool-rental-perris-ca.content.json
guide-to-family-reunion-pool-rental-pharr-tx,body_markdown,retarget,5d5c73e1aabbfdb5ff3dff04b30a14148b4cd605cb08417374c7cf7a18014cae,58b1f2cf83bbcfcadca762fc980c41fa1cc9e5a304a2bfad10e957cf4f5e74bc,35267,35267,True,True,/p/free-host-tools->/p/pool-host-tools,,guide-to-family-reunion-pool-rental-pharr-tx.body_markdown.json
guide-to-family-reunion-pool-rental-pharr-tx,content,retarget,4458385fabd9045423cf392df2b14486c318552f98748935857c7110836abdb2,878581fa1ce6819f3649585df32283f98152f9419c7aecfff111d371c9a9336c,35388,35388,True,True,/p/free-host-tools->/p/pool-host-tools,,guide-to-family-reunion-pool-rental-pharr-tx.content.json
guide-to-family-reunion-pool-rental-plainfield-il,body_markdown,retarget,3b1348b5b71df630fac5159cd0b7218bd0ea0c211f67145ac5995bf5eefe4c72,83264b224b18d0fb338873f16c8f8fb6cd743d1f80df0b2a005ae052f882124c,29756,29756,True,True,/p/free-host-tools->/p/pool-host-tools,,guide-to-family-reunion-pool-rental-plainfield-il.body_markdown.json
guide-to-family-reunion-pool-rental-plainfield-il,content,retarget,3b1348b5b71df630fac5159cd0b7218bd0ea0c211f67145ac5995bf5eefe4c72,83264b224b18d0fb338873f16c8f8fb6cd743d1f80df0b2a005ae052f882124c,29756,29756,True,True,/p/free-host-tools->/p/pool-host-tools,,guide-to-family-reunion-pool-rental-plainfield-il.content.json
guide-to-family-reunion-pool-rental-pooler-ga,body_markdown,retarget,dd612c3fb1c0618c1dbdff6a3dbe946c1ce06b41212c10040085cb75d0f94b32,a6fe2f6eb8ca82f19c6f95734b49c02cb304e3ed080537a909d5e20f039b53c5,29720,29720,True,True,/p/free-host-tools->/p/pool-host-tools,,guide-to-family-reunion-pool-rental-pooler-ga.body_markdown.json
guide-to-family-reunion-pool-rental-pooler-ga,content,retarget,dd612c3fb1c0618c1dbdff6a3dbe946c1ce06b41212c10040085cb75d0f94b32,a6fe2f6eb8ca82f19c6f95734b49c02cb304e3ed080537a909d5e20f039b53c5,29720,29720,True,True,/p/free-host-tools->/p/pool-host-tools,,guide-to-family-reunion-pool-rental-pooler-ga.content.json
guide-to-family-reunion-pool-rental-prattville-al,body_markdown,retarget,e94966bebac91c47e53a101f0581159deb1e253eea3cf3727c213dacf1753740,6a8efa8a509f94df9ee96a6c9c080df7dd65d96420b65282580c99510a6d52a9,31810,31810,True,True,/p/free-host-tools->/p/pool-host-tools,,guide-to-family-reunion-pool-rental-prattville-al.body_markdown.json
guide-to-family-reunion-pool-rental-prattville-al,content,retarget,e94966bebac91c47e53a101f0581159deb1e253eea3cf3727c213dacf1753740,6a8efa8a509f94df9ee96a6c9c080df7dd65d96420b65282580c99510a6d52a9,31810,31810,True,True,/p/free-host-tools->/p/pool-host-tools,,guide-to-family-reunion-pool-rental-prattville-al.content.json
guide-to-family-reunion-pool-rental-prescott-valley-az,content,retarget,5f24a8a52375d1ffb8d51a22f9952425644df7953cb0315056dd8acc50b9919e,f702b98cb75d9cf9603adfcb543747ff2cb36e5c976665182af6f8ab19161b0c,36381,36381,True,True,/p/free-host-tools->/p/pool-host-tools,,guide-to-family-reunion-pool-rental-prescott-valley-az.content.json
guide-to-family-reunion-pool-rental-queen-creek-az,body_markdown,retarget,53e94e2870a0a537368ead43e1f555a6dab250fae96a5991f47257ebb0e8120c,79cbbdbada94a18fdca5375ba6d2312ee3ccc77a79a454bfaaab76cefb8a380c,30949,30949,True,True,/p/free-host-tools->/p/pool-host-tools,,guide-to-family-reunion-pool-rental-queen-creek-az.body_markdown.json
guide-to-family-reunion-pool-rental-queen-creek-az,content,retarget,1af7e84b4fbb9f4e6d12ca2b8753b78ccc0012ef508552d48df81a2c37100197,0cfe2732ae58b34bc2c55ca6b15a868ccdc3ac74feac327fec708b85487ddcc2,31092,31092,True,True,/p/free-host-tools->/p/pool-host-tools,,guide-to-family-reunion-pool-rental-queen-creek-az.content.json
guide-to-family-reunion-pool-rental-richmond-ky,body_markdown,retarget,9f1bdcf4cdce329be38930d0316819488b2819eb3a6aae84ceef974eb1eaa45b,6c078c70aa02c174e8830ae46820d60f86211964bc16e026dc1aa7ba98f54702,32839,32839,True,True,/p/free-host-tools->/p/pool-host-tools,,guide-to-family-reunion-pool-rental-richmond-ky.body_markdown.json
guide-to-family-reunion-pool-rental-richmond-ky,content,retarget,9f1bdcf4cdce329be38930d0316819488b2819eb3a6aae84ceef974eb1eaa45b,6c078c70aa02c174e8830ae46820d60f86211964bc16e026dc1aa7ba98f54702,32839,32839,True,True,/p/free-host-tools->/p/pool-host-tools,,guide-to-family-reunion-pool-rental-richmond-ky.content.json
guide-to-family-reunion-pool-rental-rogers-ar,body_markdown,retarget,c53fd25ea14a626e8ff1eda3b7c21e30279c6d3d9a63d326bd2f2134c7b59bca,a3e7b6596b2b58c1c8af91f754bfe2e4cb272bf7cb5c9cc8a92c46b85e84905f,36576,36576,True,True,/p/free-host-tools->/p/pool-host-tools,,guide-to-family-reunion-pool-rental-rogers-ar.body_markdown.json
guide-to-family-reunion-pool-rental-rogers-ar,content,retarget,6ae7bf9361418b36db054c4265db916d2a6c4fc43bbbca9f77dee3c81e94fda9,c51fc3a64def80d8ffe044aa77257c98a06fa05a17633716ea59a13ca3ce718c,36719,36719,True,True,/p/free-host-tools->/p/pool-host-tools,,guide-to-family-reunion-pool-rental-rogers-ar.content.json
guide-to-family-reunion-pool-rental-salina-ks,body_markdown,retarget,9cd793126265fc5356715b2cecb703d00b760c159de6bdbd1b63a872525741df,015529b1efefa5f324bb3911b4e93930838350e0881570df28c27dab71afadec,36698,36698,True,True,/p/free-host-tools->/p/pool-host-tools,,guide-to-family-reunion-pool-rental-salina-ks.body_markdown.json
guide-to-family-reunion-pool-rental-salina-ks,content,retarget,427637725f5271984573a90a5257bb238c493e7fd90bbe88f4436317d499d0f6,a2857535c29cfc80dc3478944047823292d2b0e9e969638a23c74d012823499d,36841,36841,True,True,/p/free-host-tools->/p/pool-host-tools,,guide-to-family-reunion-pool-rental-salina-ks.content.json
guide-to-family-reunion-pool-rental-smyrna-tn,body_markdown,retarget,186199b96d6e184e3a17bc69d8696ec02828d4323fcaae82d1d8be1b6283ed7a,6928a2d6f0cccfa4156d4993a18a693a6fe237e78465711eb2c837ba3f1935d9,34868,34868,True,True,/p/free-host-tools->/p/pool-host-tools,,guide-to-family-reunion-pool-rental-smyrna-tn.body_markdown.json
guide-to-family-reunion-pool-rental-southaven-ms,body_markdown,retarget,941d9be6c1974e1f742b875aebee1b548b05148a4b8c59554efb7b305e107afd,60d741e3ae7e486df72019e6c3b83efc99e879fae55635b3ba5fbd01b0d9e2c0,34562,34562,True,True,/p/free-host-tools->/p/pool-host-tools,,guide-to-family-reunion-pool-rental-southaven-ms.body_markdown.json
guide-to-family-reunion-pool-rental-southaven-ms,content,retarget,f5f09b07289deba8f51eedce8e8239eb62402e72f7671045579bae86c3e9dfbf,5c8c611c44edcacc97cff2bbd2f163e06f5789e4d8de81bec3f95d096934fc5f,34651,34651,True,True,/p/free-host-tools->/p/pool-host-tools,,guide-to-family-reunion-pool-rental-southaven-ms.content.json
guide-to-family-reunion-pool-rental-sparks-nv,content,retarget,2cce7439a0f887911aafc832579e17a52013db1b56f969a98eb4555a983c624d,1170b58e34a0127ee9f0a274234285484b94391c4a67b02e2602711997933bce,34243,34243,True,True,/p/free-host-tools->/p/pool-host-tools,,guide-to-family-reunion-pool-rental-sparks-nv.content.json
guide-to-family-reunion-pool-rental-sumter-sc,body_markdown,retarget,263acafcfd163465613a79a1c76808426f57b4628f675f266dd72b57c35c3435,43c2d18a0c0cf3f297fa23d7ce590fa908ac3bbc8415c83298b0ad87849339bf,28116,28116,True,True,/p/free-host-tools->/p/pool-host-tools,,guide-to-family-reunion-pool-rental-sumter-sc.body_markdown.json
guide-to-family-reunion-pool-rental-sumter-sc,content,retarget,263acafcfd163465613a79a1c76808426f57b4628f675f266dd72b57c35c3435,43c2d18a0c0cf3f297fa23d7ce590fa908ac3bbc8415c83298b0ad87849339bf,28116,28116,True,True,/p/free-host-tools->/p/pool-host-tools,,guide-to-family-reunion-pool-rental-sumter-sc.content.json
guide-to-family-reunion-pool-rental-temple-tx,body_markdown,retarget,4813f95e6097b275abd09efa4044dfbb2e5cabff8a5d1419156935efed5093ae,1c67f6bdf11f989f54ad98b067be4dad67f7302667c2280a440424c8b8379d50,29113,29113,True,True,/p/free-host-tools->/p/pool-host-tools,,guide-to-family-reunion-pool-rental-temple-tx.body_markdown.json
guide-to-family-reunion-pool-rental-temple-tx,content,retarget,4813f95e6097b275abd09efa4044dfbb2e5cabff8a5d1419156935efed5093ae,1c67f6bdf11f989f54ad98b067be4dad67f7302667c2280a440424c8b8379d50,29113,29113,True,True,/p/free-host-tools->/p/pool-host-tools,,guide-to-family-reunion-pool-rental-temple-tx.content.json
guide-to-family-reunion-pool-rental-tupelo-ms,body_markdown,retarget,9a98090eb87ed38373d2b13c8b5995c1d69cbae3595b4221e085d5802b2c667a,d839cfc2f2f85169f69599700c47005fba7b15c646faeeb5bb3f5532b3718524,28786,28786,True,True,/p/free-host-tools->/p/pool-host-tools,,guide-to-family-reunion-pool-rental-tupelo-ms.body_markdown.json
guide-to-family-reunion-pool-rental-tupelo-ms,content,retarget,9a98090eb87ed38373d2b13c8b5995c1d69cbae3595b4221e085d5802b2c667a,d839cfc2f2f85169f69599700c47005fba7b15c646faeeb5bb3f5532b3718524,28786,28786,True,True,/p/free-host-tools->/p/pool-host-tools,,guide-to-family-reunion-pool-rental-tupelo-ms.content.json
guide-to-family-reunion-pool-rental-tyler-tx,body_markdown,retarget,2de102826dd26b21b28d66132fec7d8f4ebb056547bdf2d819e904c30a48fd8c,df983a8ab3ddc9e9490a293c34ec2a7a20a355c4d0fe42851ff165ff65146b1f,31098,31098,True,True,/p/free-host-tools->/p/pool-host-tools,,guide-to-family-reunion-pool-rental-tyler-tx.body_markdown.json
guide-to-family-reunion-pool-rental-tyler-tx,content,retarget,2de102826dd26b21b28d66132fec7d8f4ebb056547bdf2d819e904c30a48fd8c,df983a8ab3ddc9e9490a293c34ec2a7a20a355c4d0fe42851ff165ff65146b1f,31098,31098,True,True,/p/free-host-tools->/p/pool-host-tools,,guide-to-family-reunion-pool-rental-tyler-tx.content.json
guide-to-family-reunion-pool-rental-valdosta-ga,body_markdown,retarget,906b80c36b5b9663e52be27d06f80823b03ca12f1d71816a485d38954f849ffd,c8d5129a1f4d3220380d1f4491b641174819da5b2639ef626d50c72a153c5ee4,29175,29175,True,True,/p/free-host-tools->/p/pool-host-tools,,guide-to-family-reunion-pool-rental-valdosta-ga.body_markdown.json
guide-to-family-reunion-pool-rental-valdosta-ga,content,retarget,3990292fa76faac822f6fc7521c4be6399923e8de8affc528b748731ff8504f4,4fb7aab9fbee3ef1307022c8958f921888bd555c3f0f652537bb825351c752fd,29299,29299,True,True,/p/free-host-tools->/p/pool-host-tools,,guide-to-family-reunion-pool-rental-valdosta-ga.content.json
guide-to-family-reunion-pool-rental-victorville-ca,content,retarget,e881a6e2e31548a8b4359686d8cf63a8b034f3b4c927441fa2a1fd2bea805774,294e317d0bca422a02fc1bf7f1a59d1adfd13b2d6b4c1f671a0d49b96040350e,33258,33258,True,True,/p/free-host-tools->/p/pool-host-tools,,guide-to-family-reunion-pool-rental-victorville-ca.content.json
guide-to-family-reunion-pool-rental-warner-robins-ga,body_markdown,retarget,1a6539c866e7b48be71e5bde66538828174960b8291a8bcf00968ae8b17bf5ce,0777512e55ca79e82af49a1acc6e6290dfcc66dd0602e68aa8d113ee512319d8,30237,30237,True,True,/p/free-host-tools->/p/pool-host-tools,,guide-to-family-reunion-pool-rental-warner-robins-ga.body_markdown.json
guide-to-family-reunion-pool-rental-warner-robins-ga,content,retarget,1a6539c866e7b48be71e5bde66538828174960b8291a8bcf00968ae8b17bf5ce,0777512e55ca79e82af49a1acc6e6290dfcc66dd0602e68aa8d113ee512319d8,30237,30237,True,True,/p/free-host-tools->/p/pool-host-tools,,guide-to-family-reunion-pool-rental-warner-robins-ga.content.json
guide-to-family-reunion-pool-rental-wentzville-mo,body_markdown,retarget,7e46343c698f5da61347bf80f99c80af6474ee71de6aa6c143e89909fec036db,d7dee32693a8cfe5751588796048132de8e2ad71f118eb0f77d7bc11c3f3af7b,33847,33847,True,True,/p/free-host-tools->/p/pool-host-tools,,guide-to-family-reunion-pool-rental-wentzville-mo.body_markdown.json
guide-to-family-reunion-pool-rental-wyoming-mi,body_markdown,retarget,ceb8dacb791121f4b0bdeba1f7efaeca19706dcbc31fae019dc92ef1ad9ab57d,8ef8bfcb07c7484f725a1b4b5ad44af3833ce59a37457d57e246b0b15edb9055,29497,29497,True,True,/p/free-host-tools->/p/pool-host-tools,,guide-to-family-reunion-pool-rental-wyoming-mi.body_markdown.json
guide-to-family-reunion-pool-rental-wyoming-mi,content,retarget,ceb8dacb791121f4b0bdeba1f7efaeca19706dcbc31fae019dc92ef1ad9ab57d,8ef8bfcb07c7484f725a1b4b5ad44af3833ce59a37457d57e246b0b15edb9055,29497,29497,True,True,/p/free-host-tools->/p/pool-host-tools,,guide-to-family-reunion-pool-rental-wyoming-mi.content.json
guide-to-graduation-party-pool-rental-albany-ga,content,retarget,e27dc9cc9cfc6d35d78f8aaee9e3d0d0602cc3bd8ff5697ed74dc7626c81493e,5ecc54364d05648942789364af5b038c0bae47a31471ed4d0bbca522b6e2a8e9,30279,30279,True,True,/p/free-host-tools->/p/pool-host-tools,,guide-to-graduation-party-pool-rental-albany-ga.content.json
guide-to-graduation-party-pool-rental-bloomington-il,content,retarget,4b687db652c9da349058e03df925267e64c4f9de83c8753168a2c3964d1c6d27,4cdc7b11b968565866296576d24364d5d9d8db60eedeb4c87e8fc42e50c1223e,28046,28046,True,True,/p/free-host-tools->/p/pool-host-tools,,guide-to-graduation-party-pool-rental-bloomington-il.content.json
guide-to-graduation-party-pool-rental-blue-springs-mo,body_markdown,retarget,5fc853d13c6c60016b555ced5d950f56be7470e95640499a534876a8089bfa70,16d54aa8fe9514d62d05b834e22f7cb4121b0274828e20b9360853d232375192,29962,29962,True,True,/p/free-host-tools->/p/pool-host-tools,,guide-to-graduation-party-pool-rental-blue-springs-mo.body_markdown.json
guide-to-graduation-party-pool-rental-blue-springs-mo,content,retarget,5fc853d13c6c60016b555ced5d950f56be7470e95640499a534876a8089bfa70,16d54aa8fe9514d62d05b834e22f7cb4121b0274828e20b9360853d232375192,29962,29962,True,True,/p/free-host-tools->/p/pool-host-tools,,guide-to-graduation-party-pool-rental-blue-springs-mo.content.json
guide-to-graduation-party-pool-rental-bossier-city-la,content,retarget,11a2621be8112c4f90de6b2f45ac5e4eb68ab235fb79ff7e0a14fa21e87c2979,8efc8fcd93e3dd5ee48fad5f2433f46d5f5cbceba3342a30a6f922ed923ebce1,30683,30683,True,True,/p/free-host-tools->/p/pool-host-tools,,guide-to-graduation-party-pool-rental-bossier-city-la.content.json
guide-to-graduation-party-pool-rental-brownsville-tx,body_markdown,retarget,1b2c16c4fd85a1dbd3e2c9913b7a4c048ae1a66ecc4645bf835561ffa47aa6b4,1aeab9f1beffb369ee1345aaddc2e414c53a434879be99591f816a8020259686,29151,29151,True,True,/p/free-host-tools->/p/pool-host-tools,,guide-to-graduation-party-pool-rental-brownsville-tx.body_markdown.json
guide-to-graduation-party-pool-rental-brownsville-tx,content,retarget,1b2c16c4fd85a1dbd3e2c9913b7a4c048ae1a66ecc4645bf835561ffa47aa6b4,1aeab9f1beffb369ee1345aaddc2e414c53a434879be99591f816a8020259686,29151,29151,True,True,/p/free-host-tools->/p/pool-host-tools,,guide-to-graduation-party-pool-rental-brownsville-tx.content.json
guide-to-graduation-party-pool-rental-casa-grande-az,body_markdown,retarget,e84a0aee6cc7005188b570f7f74ee690682a2136a51974558054f4d5b01a1e2a,87c4c25faf24d57a714dd39576ba64addfa061705768b942585fe13e0937deb7,32783,32783,True,True,/p/free-host-tools->/p/pool-host-tools,,guide-to-graduation-party-pool-rental-casa-grande-az.body_markdown.json
guide-to-graduation-party-pool-rental-casa-grande-az,content,retarget,2c1f5a9056ea22e2464ee4af3e585f96032dd9d604e7490d5d66ace315e60f96,d4ebd7c08327e3b8f55a5229fdea0f1350059875a8be0e7b924758cbb33f2a1e,32917,32917,True,True,/p/free-host-tools->/p/pool-host-tools,,guide-to-graduation-party-pool-rental-casa-grande-az.content.json
guide-to-graduation-party-pool-rental-cleveland-tn,body_markdown,retarget,4e999e74577be601ca1f6b7c414bf02d3339281a7061106580490338bf8bf0da,56d058bf8e0eaa4f1534467067d79c5fe31626313c2891079a3f012a9f2bb6bf,29307,29307,True,True,/p/free-host-tools->/p/pool-host-tools,,guide-to-graduation-party-pool-rental-cleveland-tn.body_markdown.json
guide-to-graduation-party-pool-rental-cleveland-tn,content,retarget,4e999e74577be601ca1f6b7c414bf02d3339281a7061106580490338bf8bf0da,56d058bf8e0eaa4f1534467067d79c5fe31626313c2891079a3f012a9f2bb6bf,29307,29307,True,True,/p/free-host-tools->/p/pool-host-tools,,guide-to-graduation-party-pool-rental-cleveland-tn.content.json
guide-to-graduation-party-pool-rental-dalton-ga,content,retarget,8ebbd6e118a3463cd6f3eba085860e3e5ef5b8c795a82e462836e80a87bc1dfe,75573fd7dc6f172e01f0c33492d6e73088f52ef4e9e040ede0572a1b35e397af,33937,33937,True,True,/p/free-host-tools->/p/pool-host-tools,,guide-to-graduation-party-pool-rental-dalton-ga.content.json
guide-to-graduation-party-pool-rental-dearborn-mi,body_markdown,retarget,abbcf0624034714d828c7fadf1b29977fe60dc30b742efa3df7fcdaaa3d87e85,27af96c46d79edaa6235673b6e082747e2b51d0369b82208c01fd6841d409912,31595,31595,True,True,/p/free-host-tools->/p/pool-host-tools,,guide-to-graduation-party-pool-rental-dearborn-mi.body_markdown.json
guide-to-graduation-party-pool-rental-dearborn-mi,content,retarget,abbcf0624034714d828c7fadf1b29977fe60dc30b742efa3df7fcdaaa3d87e85,27af96c46d79edaa6235673b6e082747e2b51d0369b82208c01fd6841d409912,31595,31595,True,True,/p/free-host-tools->/p/pool-host-tools,,guide-to-graduation-party-pool-rental-dearborn-mi.content.json
guide-to-graduation-party-pool-rental-deltona-fl,body_markdown,retarget,be0623afb4332e381318172cdb067b8cc4a83c4d3f501585289a51d8f28d25b7,1ae16ba149da75e1fda5b6244d29e9641db028c908ded97f77da8f4d51385f6a,38280,38280,True,True,/p/free-host-tools->/p/pool-host-tools,,guide-to-graduation-party-pool-rental-deltona-fl.body_markdown.json
guide-to-graduation-party-pool-rental-deltona-fl,content,retarget,c7d7ed8f0820c3e06bc1bae1ea0e03ca0bcdec4d8df94b74678a6bd6cde53d72,b72c712920643850ec0e3213546751eb001e1aceb6a7ace926fb3e172bf934f2,38423,38423,True,True,/p/free-host-tools->/p/pool-host-tools,,guide-to-graduation-party-pool-rental-deltona-fl.content.json
guide-to-graduation-party-pool-rental-dothan-al,body_markdown,retarget,b8dfc47915b2fd7ba875d5ee2b604279d17056e41e10a8dbee99774a6ff162c8,33287cbdf1da1975ec0f5b2d2ce5534193c45704910fee9d394cbc0ee6581f79,33367,33367,True,True,/p/free-host-tools->/p/pool-host-tools,,guide-to-graduation-party-pool-rental-dothan-al.body_markdown.json
guide-to-graduation-party-pool-rental-dothan-al,content,retarget,a06b7ffde73767f94e1e698fa11f227e28322ba061e769db2eaef7e5730d613a,aad36c836917b2b3989198ace573fe5267fd717d20be70507db7c5299c8f01d0,33510,33510,True,True,/p/free-host-tools->/p/pool-host-tools,,guide-to-graduation-party-pool-rental-dothan-al.content.json
guide-to-graduation-party-pool-rental-elizabethtown-ky,body_markdown,retarget,a0863c06b3864f761d0243d413959b06a563a4148578a49f9a6585ad3853866f,b219eac968800274166be6a35457958d6ad0ad356114b365bb430ed4a57f7ae1,30325,30325,True,True,/p/free-host-tools->/p/pool-host-tools,,guide-to-graduation-party-pool-rental-elizabethtown-ky.body_markdown.json
guide-to-graduation-party-pool-rental-elizabethtown-ky,content,retarget,a0863c06b3864f761d0243d413959b06a563a4148578a49f9a6585ad3853866f,b219eac968800274166be6a35457958d6ad0ad356114b365bb430ed4a57f7ae1,30325,30325,True,True,/p/free-host-tools->/p/pool-host-tools,,guide-to-graduation-party-pool-rental-elizabethtown-ky.content.json
guide-to-graduation-party-pool-rental-fayetteville-nc,body_markdown,retarget,10dc3e4d4948b6d2c332f7b8a092f4d6ff50b300142eb470cdebf6cc03efb8f4,d89b7b73025e36705a15c5578594ee3bcc0e3858020fc1d7ef7d9f8c3164cf32,32907,32907,True,True,/p/free-host-tools->/p/pool-host-tools,,guide-to-graduation-party-pool-rental-fayetteville-nc.body_markdown.json
guide-to-graduation-party-pool-rental-fayetteville-nc,content,retarget,10dc3e4d4948b6d2c332f7b8a092f4d6ff50b300142eb470cdebf6cc03efb8f4,d89b7b73025e36705a15c5578594ee3bcc0e3858020fc1d7ef7d9f8c3164cf32,32907,32907,True,True,/p/free-host-tools->/p/pool-host-tools,,guide-to-graduation-party-pool-rental-fayetteville-nc.content.json
guide-to-graduation-party-pool-rental-florence-sc,body_markdown,retarget,e30d1a702f3ad00c8b4d23d0c37d68a2f02fe37f6cbbe4a347bf1490043aa059,573072fc2c6bb30af926704140440dd6329dba12be07fbc71279975c84e265a2,34256,34256,True,True,/p/free-host-tools->/p/pool-host-tools,,guide-to-graduation-party-pool-rental-florence-sc.body_markdown.json
guide-to-graduation-party-pool-rental-florence-sc,content,retarget,11d3082df77e0961b7df01d9f0037c2f497a5a76d54efc0ed95cedeb2d4a0bf6,7da1dbc37f273e81c912af9f8b54f0cf7a8f0bad24cd8184607a0ba02d3735bc,34375,34375,True,True,/p/free-host-tools->/p/pool-host-tools,,guide-to-graduation-party-pool-rental-florence-sc.content.json
guide-to-graduation-party-pool-rental-fontana-ca,body_markdown,retarget,a786c7c6843db5c44cb308a17345b216b01791084630b69f7bccca7386a4679c,3a6cb4e3aa773d632914ee8910f276aedcf3f84a70bc0a9245d504e939fcf213,32063,32063,True,True,/p/free-host-tools->/p/pool-host-tools,,guide-to-graduation-party-pool-rental-fontana-ca.body_markdown.json
guide-to-graduation-party-pool-rental-fontana-ca,content,retarget,9462059665a1ee109417b38f4eb7184a7a402c4480188303b36e10bb6c362819,348ea68a659ac034bf4e3114c750235b44d78bb899f717f6fa64403f44bf2c55,32206,32206,True,True,/p/free-host-tools->/p/pool-host-tools,,guide-to-graduation-party-pool-rental-fontana-ca.content.json
guide-to-graduation-party-pool-rental-gastonia-nc,body_markdown,retarget,9c5ac3e4bc1f2a081346b9f2541b152e74215e27806ba3d3d37985da20fe0a49,26245e71bd05a792d25d3706b59b4bd4c6b30eff657adf85be5e8c3e2c669e34,28942,28942,True,True,/p/free-host-tools->/p/pool-host-tools,,guide-to-graduation-party-pool-rental-gastonia-nc.body_markdown.json
guide-to-graduation-party-pool-rental-gastonia-nc,content,retarget,9c5ac3e4bc1f2a081346b9f2541b152e74215e27806ba3d3d37985da20fe0a49,26245e71bd05a792d25d3706b59b4bd4c6b30eff657adf85be5e8c3e2c669e34,28942,28942,True,True,/p/free-host-tools->/p/pool-host-tools,,guide-to-graduation-party-pool-rental-gastonia-nc.content.json
guide-to-graduation-party-pool-rental-goodyear-az,content,retarget,1affc46b45f60cc8d8d6ba02297448c42954c7aeffc703f43a41d463f432d952,22f42913bbc0822be1c1d302049dafed9da1d1542477acc654f9cb70e777b937,32830,32830,True,True,/p/free-host-tools->/p/pool-host-tools,,guide-to-graduation-party-pool-rental-goodyear-az.content.json
guide-to-graduation-party-pool-rental-gulfport-ms,body_markdown,retarget,52a669dffb4ec14b9cb8351b6b5ef76027b6409651d5bc484715e50902f7e1c4,f6e7e6ab2a236c5cba23262f52109d40b3d12cdf8caceda320e59c1e6233d2e6,30615,30615,True,True,/p/free-host-tools->/p/pool-host-tools,,guide-to-graduation-party-pool-rental-gulfport-ms.body_markdown.json
guide-to-graduation-party-pool-rental-hattiesburg-ms,body_markdown,retarget,3b79e8af878b02417b8b02aa6d306c85bf8aa7f34c00cf87d6cd5987590c3baa,ccbd4b60f83046ce5c0a6c29e6386a2e751fe870f955b621f4fe5b530ef464e9,30100,30100,True,True,/p/free-host-tools->/p/pool-host-tools,,guide-to-graduation-party-pool-rental-hattiesburg-ms.body_markdown.json
guide-to-graduation-party-pool-rental-hesperia-ca,body_markdown,retarget,42ed589766e287cadcdd1429fd5cf626ea7f467629ec6f2d2bad059197698fde,bb65a13a186fa8f2770f89a6a140ec5b1721e09a143fb3810104c30ba76720e3,31184,31184,True,True,/p/free-host-tools->/p/pool-host-tools,,guide-to-graduation-party-pool-rental-hesperia-ca.body_markdown.json
guide-to-graduation-party-pool-rental-hesperia-ca,content,retarget,42ed589766e287cadcdd1429fd5cf626ea7f467629ec6f2d2bad059197698fde,bb65a13a186fa8f2770f89a6a140ec5b1721e09a143fb3810104c30ba76720e3,31184,31184,True,True,/p/free-host-tools->/p/pool-host-tools,,guide-to-graduation-party-pool-rental-hesperia-ca.content.json
guide-to-graduation-party-pool-rental-joliet-il,body_markdown,retarget,3631a77c185a5eaa59f5c0c1130e222d920316f3d65a9327fdf62f7e516b1098,7ab79442bc5ade391d9cfbc4f82c48e2589432bdfe8af9f8f3c5cc87c8cf821a,36091,36091,True,True,/p/free-host-tools->/p/pool-host-tools,,guide-to-graduation-party-pool-rental-joliet-il.body_markdown.json
guide-to-graduation-party-pool-rental-joliet-il,content,retarget,d2c7be2d88c701dfe363c1c7190305464df1db86ae5694baa92ce7d4402d111a,9f22ccbc34d9b59bb0c47b8c5ed3ba6379c6a58f1b2fdf08344cba3ebd586f8d,36234,36234,True,True,/p/free-host-tools->/p/pool-host-tools,,guide-to-graduation-party-pool-rental-joliet-il.content.json
guide-to-graduation-party-pool-rental-joplin-mo,content,retarget,f05968e4819955026847db117df9ad7cec83d4392c15be489532af6951458780,3b4b86926008c4f791357e4548cd7d6380c55b72cb768d2abdf0d3ce6b2ebda1,35251,35251,True,True,/p/free-host-tools->/p/pool-host-tools,,guide-to-graduation-party-pool-rental-joplin-mo.content.json
guide-to-graduation-party-pool-rental-jurupa-valley-ca,body_markdown,retarget,a6c92d8e15898ec7d428697a987e06d3e2607eb83710883dafd29a87b9aab078,f464c9903678ff0c937d9843c9c9a09f4d3a7f723aaf1cf2a1f7f3416291bf22,33261,33261,True,True,/p/free-host-tools->/p/pool-host-tools,,guide-to-graduation-party-pool-rental-jurupa-valley-ca.body_markdown.json
guide-to-graduation-party-pool-rental-lakeland-fl,body_markdown,retarget,6e79d39dff5aa1956ba38d2862f0c653aac125f9378e152ea623ec4019e6c279,17c52beb1e91a061f64c5a41db87c651735145a6a8277f88d7c13ddd2cb157b3,38050,38050,True,True,/p/free-host-tools->/p/pool-host-tools,,guide-to-graduation-party-pool-rental-lakeland-fl.body_markdown.json
guide-to-graduation-party-pool-rental-lakeland-fl,content,retarget,3307a2ca5fcbf003a0fd60884a271a8f8276c758114ac7b199760112fd3f33bb,7ecd848bbbeae51aea909dd020715133b859cfce06f1a7fb847365b1ca234507,38228,38228,True,True,/p/free-host-tools->/p/pool-host-tools,,guide-to-graduation-party-pool-rental-lakeland-fl.content.json
guide-to-graduation-party-pool-rental-lancaster-ca,body_markdown,retarget,92e3ad13d0afb23b720eae1df0a7bb382fa7ea2b0496c243d5a61a62621f53a0,76e7ba90133ddb682f060a48737713bec6bcf3c72859429c031155ffe04e0558,34962,34962,True,True,/p/free-host-tools->/p/pool-host-tools,,guide-to-graduation-party-pool-rental-lancaster-ca.body_markdown.json
guide-to-graduation-party-pool-rental-lancaster-ca,content,retarget,dc1cb652ffa198059f1a1c5130c57c915f3ca42c9117c0f03a7a961b88797955,ac24f7b561c766383d688956f0d4ffccb15631079f468fdae916bf3613393ff9,35083,35083,True,True,/p/free-host-tools->/p/pool-host-tools,,guide-to-graduation-party-pool-rental-lancaster-ca.content.json
guide-to-graduation-party-pool-rental-laredo-tx,body_markdown,retarget,f863b94f0b91b63a76941d6f2980356156d25e52e685f614ccc458240cc02372,33e39fb571b9579857c66d3498a9b09503dba868c14261d70b00a97172e05dbe,35821,35821,True,True,/p/free-host-tools->/p/pool-host-tools,,guide-to-graduation-party-pool-rental-laredo-tx.body_markdown.json
guide-to-graduation-party-pool-rental-laredo-tx,content,retarget,a58f61ab965a3a1b2ed528ff310efa41ddb607a03d5579a51dd0d35dbf0ace96,62a2739c68f84774375fef85ce79e17c38ae660ff7dede675491e21e677a3091,35999,35999,True,True,/p/free-host-tools->/p/pool-host-tools,,guide-to-graduation-party-pool-rental-laredo-tx.content.json
guide-to-graduation-party-pool-rental-madison-al,body_markdown,retarget,0b6ba4a5e3bce1a2f8704cb4b3bc7a5b72b76e6f4168baf3af68686bfcb3521f,1dd00f0c36e0bdaf6737bf8f4737c404b8add8303463002571b830c926f2e89b,36818,36818,True,True,/p/free-host-tools->/p/pool-host-tools,,guide-to-graduation-party-pool-rental-madison-al.body_markdown.json
guide-to-graduation-party-pool-rental-madison-al,content,retarget,39a0894df524f6e87940a91feb078d3e78ba47cf599179f8b7cb0a7bf87c6004,d179e2d10fa7d2bca8382d5a81fe26dc2b075ed058b6459a1af8c0bb7a4de29e,36939,36939,True,True,/p/free-host-tools->/p/pool-host-tools,,guide-to-graduation-party-pool-rental-madison-al.content.json
guide-to-graduation-party-pool-rental-maricopa-az,body_markdown,retarget,78ac24730d68ff9e2e996db32227881b676fa8515c966c99f70e37836a38e089,bef542aec70b5588e2a4175850327bfa62dbea96d36133f559f6fdd6c40ab464,36546,36546,True,True,/p/free-host-tools->/p/pool-host-tools,,guide-to-graduation-party-pool-rental-maricopa-az.body_markdown.json
guide-to-graduation-party-pool-rental-maricopa-az,content,retarget,22df15b86cea4b37e87988747d057eb881b5a4e19aad1aafcd0b2f266d680f70,c83673292b94d5c9144c7f8d7c68b4b9c26ef9a1209c50fe1118ddcb61205c3b,36660,36660,True,True,/p/free-host-tools->/p/pool-host-tools,,guide-to-graduation-party-pool-rental-maricopa-az.content.json
guide-to-graduation-party-pool-rental-mcallen-tx,body_markdown,retarget,732e3018ec42710a60057ea08bf59b89a672aac23b65a01f5d02b08b48d86de3,7ba0137d75298e050d90c0136b85c01d513cd83f6350635eb26b47ad2a9976e9,28433,28433,True,True,/p/free-host-tools->/p/pool-host-tools,,guide-to-graduation-party-pool-rental-mcallen-tx.body_markdown.json
guide-to-graduation-party-pool-rental-mcallen-tx,content,retarget,732e3018ec42710a60057ea08bf59b89a672aac23b65a01f5d02b08b48d86de3,7ba0137d75298e050d90c0136b85c01d513cd83f6350635eb26b47ad2a9976e9,28433,28433,True,True,/p/free-host-tools->/p/pool-host-tools,,guide-to-graduation-party-pool-rental-mcallen-tx.content.json
guide-to-graduation-party-pool-rental-mesquite-tx,body_markdown,retarget,85ddbbd7e55ffbbc85091f0ba61dffa71c2ba6a0567e5155ca996091ebe030e1,26f8787386d13160865006170274dfa19cd34a283a14be95cb11284ed57247f4,35075,35075,True,True,/p/free-host-tools->/p/pool-host-tools,,guide-to-graduation-party-pool-rental-mesquite-tx.body_markdown.json
guide-to-graduation-party-pool-rental-mesquite-tx,content,retarget,00d7e5fb40f3b5a2ddc985102e2120f554b158b10397b79e05827400d8633468,9fe1bf3073bdd7fc9cb5f16a231eb4ddd2cdd16252c0529e55ffa9b98436fc59,35285,35285,True,True,/p/free-host-tools->/p/pool-host-tools,,guide-to-graduation-party-pool-rental-mesquite-tx.content.json
guide-to-graduation-party-pool-rental-midland-mi,body_markdown,retarget,8138c5e03caab1954809f82b411118ac2710193120fca099c6571bfc351c6945,771dc8fdc4f94d07c2b98d875d7c9fe69cd8ab1f28c3d670ab2199086e218f92,29593,29593,True,True,/p/free-host-tools->/p/pool-host-tools,,guide-to-graduation-party-pool-rental-midland-mi.body_markdown.json
guide-to-graduation-party-pool-rental-midland-mi,content,retarget,8138c5e03caab1954809f82b411118ac2710193120fca099c6571bfc351c6945,771dc8fdc4f94d07c2b98d875d7c9fe69cd8ab1f28c3d670ab2199086e218f92,29593,29593,True,True,/p/free-host-tools->/p/pool-host-tools,,guide-to-graduation-party-pool-rental-midland-mi.content.json
guide-to-graduation-party-pool-rental-moreno-valley-ca,content,retarget,da2380e026b6c19d31ec1959cc52ca537e9a22335f0de4824c46d350aadf15e1,2805632f5aa322db81c0f3ac6568f4f08dfca12b7458855c1ff126d1257590b1,30713,30713,True,True,/p/free-host-tools->/p/pool-host-tools,,guide-to-graduation-party-pool-rental-moreno-valley-ca.content.json
guide-to-graduation-party-pool-rental-murfreesboro-tn,content,retarget,8ce51e93ba223e6ac106101e87547b77549972e5a48f512bc841c94862a76451,7ce1c8bfdeaac180f6857fce16f20da8e7a92b3bd92a927d1c41c9c3a8de447f,36155,36155,True,True,/p/free-host-tools->/p/pool-host-tools,,guide-to-graduation-party-pool-rental-murfreesboro-tn.content.json
guide-to-graduation-party-pool-rental-olathe-ks,body_markdown,retarget,bb2764f3391334988bb0b7b7e412875c12a0bbe478ac5ef6111b60fa5b839763,49e1304ad48d213538fcb618cdd420ff7b3d5249f1a065034dfc1c76c9c367b9,34580,34580,True,True,/p/free-host-tools->/p/pool-host-tools,,guide-to-graduation-party-pool-rental-olathe-ks.body_markdown.json
guide-to-graduation-party-pool-rental-olathe-ks,content,retarget,e0437226624e4b70010518618b0ff8638e78717d3e93c18c6fa64e498d2ba84e,6d9de15656773050bebc5f36b1f6f738432af5d15eaa006891343fd34cb9abae,34701,34701,True,True,/p/free-host-tools->/p/pool-host-tools,,guide-to-graduation-party-pool-rental-olathe-ks.content.json
guide-to-graduation-party-pool-rental-olive-branch-ms,content,retarget,31cda3610c3a715570830435396a2f454536761e4882b3829b2b2babc8377b1a,896058ea59d75d82cae0879b93b9f958259a3befa40b2a317c4605cc93d382bb,34290,34290,True,True,/p/free-host-tools->/p/pool-host-tools,,guide-to-graduation-party-pool-rental-olive-branch-ms.content.json
guide-to-graduation-party-pool-rental-opelika-al,body_markdown,retarget,66a4e72624ea4e13762b6189c98234e7668222ed60974fb0093976d8b9c1e858,46c0fc05a2bf6419b966bf8698f24fc61c8463cca988e9780b2c87c0671c9963,31627,31627,True,True,/p/free-host-tools->/p/pool-host-tools,,guide-to-graduation-party-pool-rental-opelika-al.body_markdown.json
guide-to-graduation-party-pool-rental-opelika-al,content,retarget,66a4e72624ea4e13762b6189c98234e7668222ed60974fb0093976d8b9c1e858,46c0fc05a2bf6419b966bf8698f24fc61c8463cca988e9780b2c87c0671c9963,31627,31627,True,True,/p/free-host-tools->/p/pool-host-tools,,guide-to-graduation-party-pool-rental-opelika-al.content.json
guide-to-graduation-party-pool-rental-owasso-ok,body_markdown,retarget,aa04f28d69db49965774bf9fc0cad5efe17be7d962eb72699481fea7a9a4b452,706d4d029e59800547809972f21e8443182b082a578a1a379093d5afe1ef233c,30833,30833,True,True,/p/free-host-tools->/p/pool-host-tools,,guide-to-graduation-party-pool-rental-owasso-ok.body_markdown.json
guide-to-graduation-party-pool-rental-owasso-ok,content,retarget,aa04f28d69db49965774bf9fc0cad5efe17be7d962eb72699481fea7a9a4b452,706d4d029e59800547809972f21e8443182b082a578a1a379093d5afe1ef233c,30833,30833,True,True,/p/free-host-tools->/p/pool-host-tools,,guide-to-graduation-party-pool-rental-owasso-ok.content.json
guide-to-graduation-party-pool-rental-palm-bay-fl,body_markdown,retarget,4b1a38deda2d4bdc55960043c511d30245aaee66bef9356b198c93483a021182,6a60c11a060437bf614aa3bed449401a1450aff8fecc8664f8153e601f75e289,28443,28443,True,True,/p/free-host-tools->/p/pool-host-tools,,guide-to-graduation-party-pool-rental-palm-bay-fl.body_markdown.json
guide-to-graduation-party-pool-rental-palm-bay-fl,content,retarget,4b1a38deda2d4bdc55960043c511d30245aaee66bef9356b198c93483a021182,6a60c11a060437bf614aa3bed449401a1450aff8fecc8664f8153e601f75e289,28443,28443,True,True,/p/free-host-tools->/p/pool-host-tools,,guide-to-graduation-party-pool-rental-palm-bay-fl.content.json
guide-to-graduation-party-pool-rental-palm-coast-fl,body_markdown,retarget,cb6011a806b6d47ee366f879e5d36014171908b21ba278f86e26f4aa4cfc33c0,77e1a61454f224d80910548f200e74505d48599824c0182c0dd3284fbbd36e3a,30176,30176,True,True,/p/free-host-tools->/p/pool-host-tools,,guide-to-graduation-party-pool-rental-palm-coast-fl.body_markdown.json
guide-to-graduation-party-pool-rental-palm-coast-fl,content,retarget,cb6011a806b6d47ee366f879e5d36014171908b21ba278f86e26f4aa4cfc33c0,77e1a61454f224d80910548f200e74505d48599824c0182c0dd3284fbbd36e3a,30176,30176,True,True,/p/free-host-tools->/p/pool-host-tools,,guide-to-graduation-party-pool-rental-palm-coast-fl.content.json
guide-to-graduation-party-pool-rental-pasadena-tx,body_markdown,retarget,77d6bbdd518151eaa37df92698acd6a25d8170a159ae9f1b2a9d3e4cae2e4f48,59f0c7a65db8db32544981c16c099871481390615a25606739836b8cc5aeb708,28545,28545,True,True,/p/free-host-tools->/p/pool-host-tools,,guide-to-graduation-party-pool-rental-pasadena-tx.body_markdown.json
guide-to-graduation-party-pool-rental-pasadena-tx,content,retarget,77d6bbdd518151eaa37df92698acd6a25d8170a159ae9f1b2a9d3e4cae2e4f48,59f0c7a65db8db32544981c16c099871481390615a25606739836b8cc5aeb708,28545,28545,True,True,/p/free-host-tools->/p/pool-host-tools,,guide-to-graduation-party-pool-rental-pasadena-tx.content.json
guide-to-graduation-party-pool-rental-peoria-il,body_markdown,retarget,bb79c4652e8eccdfb67cd6dc2e925409aacc82e3cc6c2e69bc2d39a7cb894bf9,fc66b997de608c493051352b40decf64c781772f48b7e569b3851ab1a1623220,31688,31688,True,True,/p/free-host-tools->/p/pool-host-tools,,guide-to-graduation-party-pool-rental-peoria-il.body_markdown.json
guide-to-graduation-party-pool-rental-peoria-il,content,retarget,bb79c4652e8eccdfb67cd6dc2e925409aacc82e3cc6c2e69bc2d39a7cb894bf9,fc66b997de608c493051352b40decf64c781772f48b7e569b3851ab1a1623220,31688,31688,True,True,/p/free-host-tools->/p/pool-host-tools,,guide-to-graduation-party-pool-rental-peoria-il.content.json
guide-to-graduation-party-pool-rental-perris-ca,content,retarget,59641f32cedfc4e67aa9f551b25b53d3f385e83dad1ad2ca31e8a4d541d70c19,d0b12e987d5c0b3497c3037d75d7014af1cf787eeb8429b0e92e87eeef268526,28745,28745,True,True,/p/free-host-tools->/p/pool-host-tools,,guide-to-graduation-party-pool-rental-perris-ca.content.json
guide-to-graduation-party-pool-rental-pharr-tx,content,retarget,78e9a7431a4e7b19cfa88c9db53b6201cc9032c71b64ad2981aa70a7471c4b3d,fc678c8c35784f24b6fbc3c10d606da001cbe5254335e82df964f4787423bf4c,32219,32219,True,True,/p/free-host-tools->/p/pool-host-tools,,guide-to-graduation-party-pool-rental-pharr-tx.content.json
guide-to-graduation-party-pool-rental-pooler-ga,body_markdown,retarget,27f48103175425854461df8005dd0adaa11c33fbcc1e4c2f41390139c8404811,1d7baecd577915a263934765cfab61e2242ae284e3e3527047ccf0da7d0e61b5,34063,34063,True,True,/p/free-host-tools->/p/pool-host-tools,,guide-to-graduation-party-pool-rental-pooler-ga.body_markdown.json
guide-to-graduation-party-pool-rental-pooler-ga,content,retarget,8ca4b7c347fc01840fe4fa057f290975ef378d24bab72d6d4f84d7eae26abbfb,c7511282216775167dbfa9fb407db6e6e5d45a6b2046255f559b94cb978f64ae,34206,34206,True,True,/p/free-host-tools->/p/pool-host-tools,,guide-to-graduation-party-pool-rental-pooler-ga.content.json
guide-to-graduation-party-pool-rental-port-st-lucie-fl,body_markdown,retarget,5f16886c11c1acceaa8a8667b5a54c8a0aab71cad34038938f29cd978dec1626,4776092f843fd94249e198cd42d834b10bc5a543599999938f87db70d40d7359,30331,30331,True,True,/p/free-host-tools->/p/pool-host-tools,,guide-to-graduation-party-pool-rental-port-st-lucie-fl.body_markdown.json
guide-to-graduation-party-pool-rental-port-st-lucie-fl,content,retarget,5f16886c11c1acceaa8a8667b5a54c8a0aab71cad34038938f29cd978dec1626,4776092f843fd94249e198cd42d834b10bc5a543599999938f87db70d40d7359,30331,30331,True,True,/p/free-host-tools->/p/pool-host-tools,,guide-to-graduation-party-pool-rental-port-st-lucie-fl.content.json
guide-to-graduation-party-pool-rental-prescott-valley-az,body_markdown,retarget,60cccdd9b981e414bd02aa5a4eb88bfcc00e13d7ad7616b6cab0bbbc6097c320,de54c77d9d8250234078edb89a6b7152686858c93c0aae9be590ad3403eddae1,34915,34915,True,True,/p/free-host-tools->/p/pool-host-tools,,guide-to-graduation-party-pool-rental-prescott-valley-az.body_markdown.json
guide-to-graduation-party-pool-rental-queen-creek-az,content,retarget,551d50ccfa680c13583a2ff7c449c7b6e5903d8b2d2cf0618db49f4318759ed7,f66f6fb7d7d3aa550457967d331cca2be15c08d485e9ce95a2e74a82efe3fa56,32562,32562,True,True,/p/free-host-tools->/p/pool-host-tools,,guide-to-graduation-party-pool-rental-queen-creek-az.content.json
guide-to-graduation-party-pool-rental-racine-wi,body_markdown,retarget,666c59dc03f92642fd05af4b711e2b9ec79d396870839716a1b69aacd8b82b4f,f2b86158244271629157871e6d6d09f6d70bf205e03d468df217c42f3e087be2,31911,31911,True,True,/p/free-host-tools->/p/pool-host-tools,,guide-to-graduation-party-pool-rental-racine-wi.body_markdown.json
guide-to-graduation-party-pool-rental-racine-wi,content,retarget,666c59dc03f92642fd05af4b711e2b9ec79d396870839716a1b69aacd8b82b4f,f2b86158244271629157871e6d6d09f6d70bf205e03d468df217c42f3e087be2,31911,31911,True,True,/p/free-host-tools->/p/pool-host-tools,,guide-to-graduation-party-pool-rental-racine-wi.content.json
guide-to-graduation-party-pool-rental-rogers-ar,body_markdown,retarget,4dc27a1ec8205b4805d615360783ff63ff14cb523e40f366822a821f61295e09,dc1c7ec100d5226bb9e9e16734fe3dac8ac142cdccf8f5421cdcb67a302fe5d7,34421,34421,True,True,/p/free-host-tools->/p/pool-host-tools,,guide-to-graduation-party-pool-rental-rogers-ar.body_markdown.json
guide-to-graduation-party-pool-rental-rogers-ar,content,retarget,83a1eb42968cee164750175a1505f2a750cacbba7d5871d248dd71e80bf4f467,90b1688450205c42479b1ad16eba8ac9303d54607857acad0e19e19109f0ca09,34542,34542,True,True,/p/free-host-tools->/p/pool-host-tools,,guide-to-graduation-party-pool-rental-rogers-ar.content.json
guide-to-graduation-party-pool-rental-smyrna-tn,content,retarget,473f6af694d4d5e6ec29dc7257ed2826c5974f745792493d6df677b4bb416779,7e662501b06cc428ddd65d1776471b489f1683c38529fa18feb13ee04fe096ca,35496,35496,True,True,/p/free-host-tools->/p/pool-host-tools,,guide-to-graduation-party-pool-rental-smyrna-tn.content.json
guide-to-graduation-party-pool-rental-springdale-ar,content,retarget,f44fe8044dbf714ef72478b175002bd541342844715b094a79b72c6088797014,b84e79259654dfb5a434cfd8f422fb7f5d89c9515cdf3ecbcf4ac1dd473412d4,35556,35556,True,True,/p/free-host-tools->/p/pool-host-tools,,guide-to-graduation-party-pool-rental-springdale-ar.content.json
guide-to-graduation-party-pool-rental-summerville-sc,content,retarget,383aac56fed5b5222304c3e77d8a95b621e3b50136d8b8e676b2b39386ffa308,69522b1775830ceebda933fa0b944d37a822af8bd6dd8ca2f0cebd9e0f4ed02b,29679,29679,True,True,/p/free-host-tools->/p/pool-host-tools,,guide-to-graduation-party-pool-rental-summerville-sc.content.json
guide-to-graduation-party-pool-rental-surprise-az,body_markdown,retarget,910a22d0b78145a5a1187a49fbe4f6ca713dec8c3b72c7a18e2e89e6925d284c,26b32a8e1cf0ea3cef8a7ce9268568668db38d85a44ec4d3d3c96aecccb8ff1c,36059,36059,True,True,/p/free-host-tools->/p/pool-host-tools,,guide-to-graduation-party-pool-rental-surprise-az.body_markdown.json
guide-to-graduation-party-pool-rental-surprise-az,content,retarget,69d146ec115405260e94e4d6faa6a0bf2b6846f607930d6855be06275bf791df,96056b2b902bd1a58ccf297e85f7b58133e6e521d93ee316624555034993bc94,36123,36123,True,True,/p/free-host-tools->/p/pool-host-tools,,guide-to-graduation-party-pool-rental-surprise-az.content.json
guide-to-graduation-party-pool-rental-tyler-tx,body_markdown,retarget,0e9e8f4cf2ee0ab8296495f8dfd132e1e2a9226d1a522b80742faa792b737c91,e111c93f67fc4e05f97c7bbc3b053bf9127ee187a6b51faaf1a9e06e93396032,28269,28269,True,True,/p/free-host-tools->/p/pool-host-tools,,guide-to-graduation-party-pool-rental-tyler-tx.body_markdown.json
guide-to-graduation-party-pool-rental-tyler-tx,content,retarget,0e9e8f4cf2ee0ab8296495f8dfd132e1e2a9226d1a522b80742faa792b737c91,e111c93f67fc4e05f97c7bbc3b053bf9127ee187a6b51faaf1a9e06e93396032,28269,28269,True,True,/p/free-host-tools->/p/pool-host-tools,,guide-to-graduation-party-pool-rental-tyler-tx.content.json
guide-to-graduation-party-pool-rental-victorville-ca,body_markdown,retarget,30eaab4c72c766cdc763520f9be7a774da7aa4e2da4c802d131879dffd8289f3,fcac2acba24abc39374def5df3c6003c78e805b836130d69cf342277e189bbb9,34444,34444,True,True,/p/free-host-tools->/p/pool-host-tools,,guide-to-graduation-party-pool-rental-victorville-ca.body_markdown.json
guide-to-graduation-party-pool-rental-victorville-ca,content,retarget,49dbef4ffbce3a2a3d5edc9223474c8a4fa1e99782f6abad9e20cc9017fd88d7,da6e987a5aa2dec7fd26f68522291498281bdd3bd4511b2735dd49eb8c0d7181,34587,34587,True,True,/p/free-host-tools->/p/pool-host-tools,,guide-to-graduation-party-pool-rental-victorville-ca.content.json
guide-to-graduation-party-pool-rental-wentzville-mo,content,retarget,56498cb1896076b2a93cac7e51bb1330b1fbdb08b4fbc67823db1dc588a7a475,a7855c3f2a1a68a427431b9d5621f404e477cf38fd9f0036645928472c49ee11,35008,35008,True,True,/p/free-host-tools->/p/pool-host-tools,,guide-to-graduation-party-pool-rental-wentzville-mo.content.json
guide-to-graduation-party-pool-rental-winter-haven-fl,body_markdown,retarget,a068b101a6b365acee0de7c4090da4e30dbcd0c56327de93ae72b53f4862f36b,079e17bf615c1d21919688087de85e636d7de851922d341482e2306d836d1ccf,27495,27495,True,True,/p/free-host-tools->/p/pool-host-tools,,guide-to-graduation-party-pool-rental-winter-haven-fl.body_markdown.json
guide-to-graduation-party-pool-rental-winter-haven-fl,content,retarget,a068b101a6b365acee0de7c4090da4e30dbcd0c56327de93ae72b53f4862f36b,079e17bf615c1d21919688087de85e636d7de851922d341482e2306d836d1ccf,27495,27495,True,True,/p/free-host-tools->/p/pool-host-tools,,guide-to-graduation-party-pool-rental-winter-haven-fl.content.json
guide-to-kids-birthday-party-pool-rental-albany-ga,body_markdown,retarget,dc7c19acaab4df92e2c3dd58e4ae1335a3a8c5dae6c3c464de042edf5c7dced2,251d1e476073041a3d16aa75a6df17e48a5ac6a93492d70bf47b264dc523f613,31169,31169,True,True,/p/free-host-tools->/p/pool-host-tools,,guide-to-kids-birthday-party-pool-rental-albany-ga.body_markdown.json
guide-to-kids-birthday-party-pool-rental-albany-ga,content,retarget,dc7c19acaab4df92e2c3dd58e4ae1335a3a8c5dae6c3c464de042edf5c7dced2,251d1e476073041a3d16aa75a6df17e48a5ac6a93492d70bf47b264dc523f613,31169,31169,True,True,/p/free-host-tools->/p/pool-host-tools,,guide-to-kids-birthday-party-pool-rental-albany-ga.content.json
guide-to-kids-birthday-party-pool-rental-amarillo-tx,body_markdown,retarget,36973232a188ca1efd764d0e1e6db69d0895b9299329d6b4b5a72e69866ce8c7,76a7dd7d84839f6b9f4ff9ee7f1abdc334294ec554e9fb07949cc29b2b0ac846,32125,32125,True,True,/p/free-host-tools->/p/pool-host-tools,,guide-to-kids-birthday-party-pool-rental-amarillo-tx.body_markdown.json
guide-to-kids-birthday-party-pool-rental-amarillo-tx,content,retarget,42a72e525a8d66c1cc300628edc8e929c3299245987f039f40598bd2e97270b1,2c411b4d0f9a1a8c1426be7c2082004ae36b4f0a3ec36f81fe45c49457f00a1c,32169,32169,True,True,/p/free-host-tools->/p/pool-host-tools,,guide-to-kids-birthday-party-pool-rental-amarillo-tx.content.json
guide-to-kids-birthday-party-pool-rental-bartlett-tn,body_markdown,retarget,1e5e1ef1f166696012601604730f94c95839de357cee27e5a34d5739753c0b8f,20be723dc92bad5449240fbd0304e4991b5e82ccbe08a7dc5588501a3428e15b,30916,30916,True,True,/p/free-host-tools->/p/pool-host-tools,,guide-to-kids-birthday-party-pool-rental-bartlett-tn.body_markdown.json
guide-to-kids-birthday-party-pool-rental-bartlett-tn,content,retarget,1e5e1ef1f166696012601604730f94c95839de357cee27e5a34d5739753c0b8f,20be723dc92bad5449240fbd0304e4991b5e82ccbe08a7dc5588501a3428e15b,30916,30916,True,True,/p/free-host-tools->/p/pool-host-tools,,guide-to-kids-birthday-party-pool-rental-bartlett-tn.content.json
guide-to-kids-birthday-party-pool-rental-bloomington-il,body_markdown,retarget,95d672c69a6cddbbfa601e9cd20a8bf596fa31be355d0f291300438b0e85228f,5dc7a3a170d7a567453048ddd11607039158f3dc0976cba5ec6e7d4f583a90ae,35051,35051,True,True,/p/free-host-tools->/p/pool-host-tools,,guide-to-kids-birthday-party-pool-rental-bloomington-il.body_markdown.json
guide-to-kids-birthday-party-pool-rental-bloomington-il,content,retarget,79967abc7bfa079bb12a4458b2a8674e9837d04afaf4f0c4e9758b1d85d7cc5e,e8efc79accd53140c4c5eb6246152e5991df89f67dfbdb77b6d25b453f945606,35234,35234,True,True,/p/free-host-tools->/p/pool-host-tools,,guide-to-kids-birthday-party-pool-rental-bloomington-il.content.json
guide-to-kids-birthday-party-pool-rental-blue-springs-mo,body_markdown,retarget,e96b2fe4ceea6539ed1a38b8a8b876a6f3efa09cfa6147059f3a0f895b46b749,c8d0cf3920168983c34b17fa617cc430aef6835886f49beb81f8837cee565a4a,31469,31469,True,True,/p/free-host-tools->/p/pool-host-tools,,guide-to-kids-birthday-party-pool-rental-blue-springs-mo.body_markdown.json
guide-to-kids-birthday-party-pool-rental-blue-springs-mo,content,retarget,2a0e28ea81377d08be2a3e50a1236770623f42b0d8f01a95257ea189dcf8e31b,6b712320181cc3b5779e3ef459d15a086708253c121f88f7ab9e9f0f3412a22c,31590,31590,True,True,/p/free-host-tools->/p/pool-host-tools,,guide-to-kids-birthday-party-pool-rental-blue-springs-mo.content.json
guide-to-kids-birthday-party-pool-rental-bowling-green-ky,content,retarget,c3bd2f0d722c14a4b6d5faeefe17b818109b20ee946ebe1d448ffd6f8f4535d7,6ecb4055bb6be55c124fb4116c06c42f209270bb840e94b34fdd245f2737a6f0,32632,32632,True,True,/p/free-host-tools->/p/pool-host-tools,,guide-to-kids-birthday-party-pool-rental-bowling-green-ky.content.json
guide-to-kids-birthday-party-pool-rental-buckeye-az,body_markdown,retarget,de81adebb6eaae17e805b61723b82f96a52d2491712e4a1a7ce0c2758705f8ba,30571634cf1bf7d5ba674ea8045943944fdc2fe1526604cbb1ce3c392cf19526,35527,35527,True,True,/p/free-host-tools->/p/pool-host-tools,,guide-to-kids-birthday-party-pool-rental-buckeye-az.body_markdown.json
guide-to-kids-birthday-party-pool-rental-buckeye-az,content,retarget,58dbf094518cc53e3620572e12252279fa9ca8e8c7b6e7b395aa61bbe292101b,a4b0ab9debcdc5f1f5bb38015d54869edb0228a01725855477646fd1d2367005,35616,35616,True,True,/p/free-host-tools->/p/pool-host-tools,,guide-to-kids-birthday-party-pool-rental-buckeye-az.content.json
guide-to-kids-birthday-party-pool-rental-carson-city-nv,body_markdown,retarget,d3eedeaeccd4631b0bc5e065f41bef495f1d4803b778d982f6562db4b0c64fd1,eda779571ba8aae572daad67d51e97853592e308db18424964e71276b17a1d8d,29372,29372,True,True,/p/free-host-tools->/p/pool-host-tools,,guide-to-kids-birthday-party-pool-rental-carson-city-nv.body_markdown.json
guide-to-kids-birthday-party-pool-rental-carson-city-nv,content,retarget,d3eedeaeccd4631b0bc5e065f41bef495f1d4803b778d982f6562db4b0c64fd1,eda779571ba8aae572daad67d51e97853592e308db18424964e71276b17a1d8d,29372,29372,True,True,/p/free-host-tools->/p/pool-host-tools,,guide-to-kids-birthday-party-pool-rental-carson-city-nv.content.json
guide-to-kids-birthday-party-pool-rental-conway-ar,body_markdown,retarget,7d1f54cff568728d6d0bf10cf53d6dda1c2eef87ee685a4ed7e3e8c0f89cb3d7,5e5b6ede2a47094ae1eeb9c9f80127cb9ecb8c1a62ce9c37e45d411a148df8bb,35644,35644,True,True,/p/free-host-tools->/p/pool-host-tools,,guide-to-kids-birthday-party-pool-rental-conway-ar.body_markdown.json
guide-to-kids-birthday-party-pool-rental-conway-ar,content,retarget,fb5dde8e1d061b947f45cdbef3b35f80edebcdf48db036dfe7c48d1e660c3706,7d8c115c0eb16aed7cb4408ec5f46dd065c7c9d2bfcd8296b27d6f24794f8087,35787,35787,True,True,/p/free-host-tools->/p/pool-host-tools,,guide-to-kids-birthday-party-pool-rental-conway-ar.content.json
guide-to-kids-birthday-party-pool-rental-dalton-ga,body_markdown,retarget,c494cfbd4e8785197edba584e52db182cbf6e713b99d279d095ac6c61f7a7473,ccb05fd7dc0b5c574d4495bcf7db9d251c89b6b1ef3bbc1bd600d5b93bc14809,35074,35074,True,True,/p/free-host-tools->/p/pool-host-tools,,guide-to-kids-birthday-party-pool-rental-dalton-ga.body_markdown.json
guide-to-kids-birthday-party-pool-rental-dalton-ga,content,retarget,860a605b3d0a5b0133ad84ed8511fd6ada0789f781b97de6b90d742167c18f37,df9d413ef19ab9bf92829691c8ece0a9e6db24b6dacff4414cf6842674cb248b,35163,35163,True,True,/p/free-host-tools->/p/pool-host-tools,,guide-to-kids-birthday-party-pool-rental-dalton-ga.content.json
guide-to-kids-birthday-party-pool-rental-dearborn-mi,body_markdown,retarget,564ccd1d9871fb1291191c03d16dedc3f675043ce6fef2ae1c542b8ee14e3672,c4ad077676c020a3553ce9f2c35277c54436a170b9fc2baf19e41ebac9f9c554,32004,32004,True,True,/p/free-host-tools->/p/pool-host-tools,,guide-to-kids-birthday-party-pool-rental-dearborn-mi.body_markdown.json
guide-to-kids-birthday-party-pool-rental-dearborn-mi,content,retarget,564ccd1d9871fb1291191c03d16dedc3f675043ce6fef2ae1c542b8ee14e3672,c4ad077676c020a3553ce9f2c35277c54436a170b9fc2baf19e41ebac9f9c554,32004,32004,True,True,/p/free-host-tools->/p/pool-host-tools,,guide-to-kids-birthday-party-pool-rental-dearborn-mi.content.json
guide-to-kids-birthday-party-pool-rental-decatur-al,body_markdown,retarget,3f2896971eac252c725662fce605b1ae97e0053db01f71ad7a62a963691694b3,79ce924c14264c91e479ba8201b2694dcbb6d42ff644ffdccbf63b6acc21fb82,34798,34798,True,True,/p/free-host-tools->/p/pool-host-tools,,guide-to-kids-birthday-party-pool-rental-decatur-al.body_markdown.json
guide-to-kids-birthday-party-pool-rental-decatur-al,content,retarget,77b51b9fef2e8bd28898d12b78d676c6cedae658d57e711834fb3ccc7e8bf232,7e8690aadc1607cf4d3726628ec96e34954d7a217cdfad2b3fdc500d1bb9b487,34941,34941,True,True,/p/free-host-tools->/p/pool-host-tools,,guide-to-kids-birthday-party-pool-rental-decatur-al.content.json
guide-to-kids-birthday-party-pool-rental-florence-sc,body_markdown,retarget,076ee78007625a7d09b78820af653304ff665022ce50aae2d2d74427310d35cf,acb58d23fb3c4a5e7bdf12079fc8371108b9aa281dc1f7001f502519c7c9a6f4,32615,32615,True,True,/p/free-host-tools->/p/pool-host-tools,,guide-to-kids-birthday-party-pool-rental-florence-sc.body_markdown.json
guide-to-kids-birthday-party-pool-rental-florence-sc,content,retarget,dbf0e32bde9500ac58c26c0d49295a881565eb35666a281c8aad597e30c90a84,b8ef19309d9ab73297b2c28a0a1c0e987747e9b3b6c517435de8ad7f07977db6,32659,32659,True,True,/p/free-host-tools->/p/pool-host-tools,,guide-to-kids-birthday-party-pool-rental-florence-sc.content.json
guide-to-kids-birthday-party-pool-rental-fontana-ca,body_markdown,retarget,1a99ea860b8bb54fccaf8940f6c56e3eacb7c312ac23b5c2a8314cb91a5b8133,97eb7881d1da4803a24b0faa3549e5b806496bcf9ddc0f9c2b93e7faf5c49e4d,34941,34941,True,True,/p/free-host-tools->/p/pool-host-tools,,guide-to-kids-birthday-party-pool-rental-fontana-ca.body_markdown.json
guide-to-kids-birthday-party-pool-rental-fontana-ca,content,retarget,5e74d4c841c39c8e5e1438cdb2dc64b397d52f773e2c6f6857280af06e64d700,85da87d9f91f7c16d941bbdd422560ba4c63d3ab5aa0d2fec7f0c119e3c091a3,35084,35084,True,True,/p/free-host-tools->/p/pool-host-tools,,guide-to-kids-birthday-party-pool-rental-fontana-ca.content.json
guide-to-kids-birthday-party-pool-rental-gastonia-nc,body_markdown,retarget,831b5ff12832bbf0777ddeab5d2287fd6d03753be8bb8049067a14e9c265c9ea,f5901480114d93a77e697cd31765fda6019f5f786970d1075fab390f6b24f748,27577,27577,True,True,/p/free-host-tools->/p/pool-host-tools,,guide-to-kids-birthday-party-pool-rental-gastonia-nc.body_markdown.json
guide-to-kids-birthday-party-pool-rental-gastonia-nc,content,retarget,831b5ff12832bbf0777ddeab5d2287fd6d03753be8bb8049067a14e9c265c9ea,f5901480114d93a77e697cd31765fda6019f5f786970d1075fab390f6b24f748,27577,27577,True,True,/p/free-host-tools->/p/pool-host-tools,,guide-to-kids-birthday-party-pool-rental-gastonia-nc.content.json
guide-to-kids-birthday-party-pool-rental-goodyear-az,body_markdown,retarget,45d22efe816d3f1b8ad95f95c20ec100f9d7dfb12585a184d2c55b5bdfa8e8bb,766d75b6c0b36b39d062eb8a64776ca821a8c15e7978b1069cf3e2f21ef37fba,35527,35527,True,True,/p/free-host-tools->/p/pool-host-tools,,guide-to-kids-birthday-party-pool-rental-goodyear-az.body_markdown.json
guide-to-kids-birthday-party-pool-rental-goodyear-az,content,retarget,5d5e7c8b2da716f2de3b982f5c3b1450fb0d7183f33209616b22c7f339ab369f,8b665e396499d289d242bf5731962f177dbaf8003bc2a9e15fdc03b833252a8f,35648,35648,True,True,/p/free-host-tools->/p/pool-host-tools,,guide-to-kids-birthday-party-pool-rental-goodyear-az.content.json
guide-to-kids-birthday-party-pool-rental-grand-prairie-tx,body_markdown,retarget,84e8f587b2edc2a5fd94164a07cf733ecc0181717be1bf04bbc0e3f46f4da7f5,df7dfef00796de8e3faf22cb6de6dc8a33465fb003e6396ab08a64c11874ff0d,33102,33102,True,True,/p/free-host-tools->/p/pool-host-tools,,guide-to-kids-birthday-party-pool-rental-grand-prairie-tx.body_markdown.json
guide-to-kids-birthday-party-pool-rental-grand-prairie-tx,content,retarget,fe200a73ef1027f035d856f45ceb66642c3dc9a51901f9efd5246f6b398e6c00,e3991d7de19ed973986fa23b3e8bbe5e17a101b1d479fcff3dfbf8466e5f2bf4,33159,33159,True,True,/p/free-host-tools->/p/pool-host-tools,,guide-to-kids-birthday-party-pool-rental-grand-prairie-tx.content.json
guide-to-kids-birthday-party-pool-rental-gulfport-ms,body_markdown,retarget,85544d058293845bc7affe46582f7af4c762c835be3774476f36b5cdda08c277,2d142ad9284bafc7310434972383865fe533889a6bc5f40ad24e8f4b72ffe67a,31124,31124,True,True,/p/free-host-tools->/p/pool-host-tools,,guide-to-kids-birthday-party-pool-rental-gulfport-ms.body_markdown.json
guide-to-kids-birthday-party-pool-rental-hesperia-ca,body_markdown,retarget,299407f289b280b4059bc3f004c5b36ab8cf1391635a145e7b76470077f05823,aebebce990689a0e62a36709e9b03f01c141d26e586c91e57c5349c7cc0707c1,28466,28466,True,True,/p/free-host-tools->/p/pool-host-tools,,guide-to-kids-birthday-party-pool-rental-hesperia-ca.body_markdown.json
guide-to-kids-birthday-party-pool-rental-hesperia-ca,content,retarget,299407f289b280b4059bc3f004c5b36ab8cf1391635a145e7b76470077f05823,aebebce990689a0e62a36709e9b03f01c141d26e586c91e57c5349c7cc0707c1,28466,28466,True,True,/p/free-host-tools->/p/pool-host-tools,,guide-to-kids-birthday-party-pool-rental-hesperia-ca.content.json
guide-to-kids-birthday-party-pool-rental-huber-heights-oh,body_markdown,retarget,ebbfa98b097955198b72b842d0e29e31d93fe76d6287365e3a9eef7fe4de2658,c6ff66ae173a9a098d951c739360838728e13dbe23a90be2d8f99615813e970e,31572,31572,True,True,/p/free-host-tools->/p/pool-host-tools,,guide-to-kids-birthday-party-pool-rental-huber-heights-oh.body_markdown.json
guide-to-kids-birthday-party-pool-rental-huber-heights-oh,content,retarget,ebbfa98b097955198b72b842d0e29e31d93fe76d6287365e3a9eef7fe4de2658,c6ff66ae173a9a098d951c739360838728e13dbe23a90be2d8f99615813e970e,31572,31572,True,True,/p/free-host-tools->/p/pool-host-tools,,guide-to-kids-birthday-party-pool-rental-huber-heights-oh.content.json
guide-to-kids-birthday-party-pool-rental-jeffersonville-in,body_markdown,retarget,6fc745137a442e7f3253b679984c04375d2178296ad3c5c6f9879c57a4948d21,a80caa580d74e2a8fd1e6c23a22a19ed228a2397d9cd292660736eb6a008039c,32158,32158,True,True,/p/free-host-tools->/p/pool-host-tools,,guide-to-kids-birthday-party-pool-rental-jeffersonville-in.body_markdown.json
guide-to-kids-birthday-party-pool-rental-jeffersonville-in,content,retarget,0ed1f344b1683976530db31ac759f38a1f5bd056defeac6495cd4a831debec83,e4eac965467025fa32061ca921d6dffc21561dd6f202f00cf4f034d9bd97add3,32266,32266,True,True,/p/free-host-tools->/p/pool-host-tools,,guide-to-kids-birthday-party-pool-rental-jeffersonville-in.content.json
guide-to-kids-birthday-party-pool-rental-jurupa-valley-ca,content,retarget,4d0e62c96684da83e35cf5ba6e097fd01ecf53c5fd215d0aaf5170e56786f519,93cbb0a850024a2567388db17b1e5ff731731e24af1b93dc5c9a98d6fd146e6d,32597,32597,True,True,/p/free-host-tools->/p/pool-host-tools,,guide-to-kids-birthday-party-pool-rental-jurupa-valley-ca.content.json
guide-to-kids-birthday-party-pool-rental-killeen-tx,body_markdown,retarget,f357a317f088eb13d71683fae4014dcadefd6dcfbfb7557008fc97d802337958,d31e14fad82f51eb881fdc33830a021e7347257d0e27ba9fe60a4063cd03bb31,29707,29707,True,True,/p/free-host-tools->/p/pool-host-tools,,guide-to-kids-birthday-party-pool-rental-killeen-tx.body_markdown.json
guide-to-kids-birthday-party-pool-rental-killeen-tx,content,retarget,f357a317f088eb13d71683fae4014dcadefd6dcfbfb7557008fc97d802337958,d31e14fad82f51eb881fdc33830a021e7347257d0e27ba9fe60a4063cd03bb31,29707,29707,True,True,/p/free-host-tools->/p/pool-host-tools,,guide-to-kids-birthday-party-pool-rental-killeen-tx.content.json
guide-to-kids-birthday-party-pool-rental-la-vergne-tn,body_markdown,retarget,7cf9f4a00568442eb6bd08b0449cea9acae6cd5eaec824b0ccf0172703fcac20,4239aae96f49c1a48b543938f1c891d902e3251eb786e57441013ae1935ef27f,30449,30449,True,True,/p/free-host-tools->/p/pool-host-tools,,guide-to-kids-birthday-party-pool-rental-la-vergne-tn.body_markdown.json
guide-to-kids-birthday-party-pool-rental-la-vergne-tn,content,retarget,62b502b5a4d86615cd307a58c11c778755a52fa22343ed78e3887022785ead35,60a5bb95b536cade2246b7e957383d168905195ccb58023600603c0fb4d95514,30592,30592,True,True,/p/free-host-tools->/p/pool-host-tools,,guide-to-kids-birthday-party-pool-rental-la-vergne-tn.content.json
guide-to-kids-birthday-party-pool-rental-lake-charles-la,body_markdown,retarget,5dad42932f4294fa3ba478f6f7aa50c50a81a81229a4b0d014417526b8c4549f,257b9adf616a4a313c3cd78b44abd8f81e286de6f2095a09f9e4e26b7915c9fb,30823,30823,True,True,/p/free-host-tools->/p/pool-host-tools,,guide-to-kids-birthday-party-pool-rental-lake-charles-la.body_markdown.json
guide-to-kids-birthday-party-pool-rental-lake-charles-la,content,retarget,5dad42932f4294fa3ba478f6f7aa50c50a81a81229a4b0d014417526b8c4549f,257b9adf616a4a313c3cd78b44abd8f81e286de6f2095a09f9e4e26b7915c9fb,30823,30823,True,True,/p/free-host-tools->/p/pool-host-tools,,guide-to-kids-birthday-party-pool-rental-lake-charles-la.content.json
guide-to-kids-birthday-party-pool-rental-lancaster-ca,content,retarget,0f9f1b64503c9d49c5b276692da0faad6d4d4e5d64ec2dcb4fe7f55790d0b887,57dc554c89282d16dbf8d462a3203adcf19c5bb067960893d130343f04d919f7,35247,35247,True,True,/p/free-host-tools->/p/pool-host-tools,,guide-to-kids-birthday-party-pool-rental-lancaster-ca.content.json
guide-to-kids-birthday-party-pool-rental-lebanon-tn,content,retarget,8024ad303acca76a8b58585d4e5cf8a5ce1eb378b73190860e7acf6360c1442b,b0e0042d0e62b2c6d12eef2689d6f7c0d28f1839dbd2a311c1171a1b781a031c,33104,33104,True,True,/p/free-host-tools->/p/pool-host-tools,,guide-to-kids-birthday-party-pool-rental-lebanon-tn.content.json
guide-to-kids-birthday-party-pool-rental-lima-oh,body_markdown,retarget,931cf77937942405e01555406518c0c04fcac94a766aa8fc7a6d0e8e80738efa,3c9cf1eb0257047bac31b1dc9a1869fbc1f712a4450f2dad84613fbd335ff128,30970,30970,True,True,/p/free-host-tools->/p/pool-host-tools,,guide-to-kids-birthday-party-pool-rental-lima-oh.body_markdown.json
guide-to-kids-birthday-party-pool-rental-lubbock-tx,body_markdown,retarget,e3d0ec5aaf502ad295ecca2d625d65b9aaa3b890e543f5b682de0ad7ad63fc7f,af5055f020ccb223c12083a10eb97474261e27dfe505a89ab2cff5ae29b26ceb,31781,31781,True,True,/p/free-host-tools->/p/pool-host-tools,,guide-to-kids-birthday-party-pool-rental-lubbock-tx.body_markdown.json
guide-to-kids-birthday-party-pool-rental-lubbock-tx,content,retarget,e3d0ec5aaf502ad295ecca2d625d65b9aaa3b890e543f5b682de0ad7ad63fc7f,af5055f020ccb223c12083a10eb97474261e27dfe505a89ab2cff5ae29b26ceb,31781,31781,True,True,/p/free-host-tools->/p/pool-host-tools,,guide-to-kids-birthday-party-pool-rental-lubbock-tx.content.json
guide-to-kids-birthday-party-pool-rental-madera-ca,body_markdown,retarget,deb5d3b7899d3a00cb8d3ffa07bf798bc4fbea9a266175538fc882c45de71cdc,ada3aa5f9603c3985d8b386193f6b1d4d539b99c1c6add60d22baad553e11de7,32501,32501,True,True,/p/free-host-tools->/p/pool-host-tools,,guide-to-kids-birthday-party-pool-rental-madera-ca.body_markdown.json
guide-to-kids-birthday-party-pool-rental-madera-ca,content,retarget,deb5d3b7899d3a00cb8d3ffa07bf798bc4fbea9a266175538fc882c45de71cdc,ada3aa5f9603c3985d8b386193f6b1d4d539b99c1c6add60d22baad553e11de7,32501,32501,True,True,/p/free-host-tools->/p/pool-host-tools,,guide-to-kids-birthday-party-pool-rental-madera-ca.content.json
guide-to-kids-birthday-party-pool-rental-madison-al,body_markdown,retarget,3c1dd1823176a9ddc124d4c2855e89d4374731f2a9bf72441c05b6dac7781a3c,c160b4e98253cb18205a9ed7502dc42418ae30965f413d8d663d5183bf58b15a,34138,34138,True,True,/p/free-host-tools->/p/pool-host-tools,,guide-to-kids-birthday-party-pool-rental-madison-al.body_markdown.json
guide-to-kids-birthday-party-pool-rental-madison-al,content,retarget,732927f48eb192022ad5686ac27cc470931ad61f21ad893c89a081dccc49fea8,ce0794b038a2b0b58a5abf4e14ecb1ffa612addb28bd8c943ce861ea946f15b2,34281,34281,True,True,/p/free-host-tools->/p/pool-host-tools,,guide-to-kids-birthday-party-pool-rental-madison-al.content.json
guide-to-kids-birthday-party-pool-rental-mcallen-tx,body_markdown,retarget,fc53c66622c9538fc429bb1e8819442d0e9ff4c1beff421adc3c29a79c3e334d,4ebfb38f9facb9efd3bde4378329f5446456d719f3c1312243a0a1475876ad36,31053,31053,True,True,/p/free-host-tools->/p/pool-host-tools,,guide-to-kids-birthday-party-pool-rental-mcallen-tx.body_markdown.json
guide-to-kids-birthday-party-pool-rental-mcallen-tx,content,retarget,fc53c66622c9538fc429bb1e8819442d0e9ff4c1beff421adc3c29a79c3e334d,4ebfb38f9facb9efd3bde4378329f5446456d719f3c1312243a0a1475876ad36,31053,31053,True,True,/p/free-host-tools->/p/pool-host-tools,,guide-to-kids-birthday-party-pool-rental-mcallen-tx.content.json
guide-to-kids-birthday-party-pool-rental-moreno-valley-ca,body_markdown,retarget,3119b66be1587573e80c1d92cebbcb1d1d595ed86e3b96dda77afcaf21aedbdb,8113533f2b370eafbcb6d24388da1d9b1e45554b6fa086719eab75f3ef8b3e74,33334,33334,True,True,/p/free-host-tools->/p/pool-host-tools,,guide-to-kids-birthday-party-pool-rental-moreno-valley-ca.body_markdown.json
guide-to-kids-birthday-party-pool-rental-moreno-valley-ca,content,retarget,b1f238662af601195ea4c0fcfd2ca04a96182c29da79332769ecd37da6d90a53,710ff7d12aa6bdfa05d652892e5ac6ae86de3a6bce2b5603e0deafa71c4e53b3,33477,33477,True,True,/p/free-host-tools->/p/pool-host-tools,,guide-to-kids-birthday-party-pool-rental-moreno-valley-ca.content.json
guide-to-kids-birthday-party-pool-rental-murfreesboro-tn,content,retarget,8a6defa1b3ca67c662c44fbd07b58a979235b4ca005847a0b68201bdf6b096fe,94f99b8353985baad252c4a8d14e68933055e3729a746ce36b8f16e06766543f,33595,33595,True,True,/p/free-host-tools->/p/pool-host-tools,,guide-to-kids-birthday-party-pool-rental-murfreesboro-tn.content.json
guide-to-kids-birthday-party-pool-rental-north-las-vegas-nv,content,retarget,0a937bb91db22d273f68f9679659816f3d95360f4a198daacab6ce3b3181201c,5a2cf34b55e9962263c32d8a5d8a5c5b13153fdc870bbf361e7885c578bfcd57,33614,33614,True,True,/p/free-host-tools->/p/pool-host-tools,,guide-to-kids-birthday-party-pool-rental-north-las-vegas-nv.content.json
guide-to-kids-birthday-party-pool-rental-olathe-ks,content,retarget,edb4b7d17e1e08fc0bdb27ce6614ed8b2890a1ffea7ff8b09af9abff23236ca8,41ace3df0e7ba36fea4eb981ed91e346aa0f28b2acf6ee626f261d701d1f74f5,35816,35816,True,True,/p/free-host-tools->/p/pool-host-tools,,guide-to-kids-birthday-party-pool-rental-olathe-ks.content.json
guide-to-kids-birthday-party-pool-rental-owensboro-ky,body_markdown,retarget,9893e440a7e9a3004ef36beb17c6456f1bcf267c5ed602116144d12b18aad28c,90c7817073a793892dc710857ac9e4473482ed4899eb987ecd5f4908d49b4c65,29913,29913,True,True,/p/free-host-tools->/p/pool-host-tools,,guide-to-kids-birthday-party-pool-rental-owensboro-ky.body_markdown.json
guide-to-kids-birthday-party-pool-rental-owensboro-ky,content,retarget,9893e440a7e9a3004ef36beb17c6456f1bcf267c5ed602116144d12b18aad28c,90c7817073a793892dc710857ac9e4473482ed4899eb987ecd5f4908d49b4c65,29913,29913,True,True,/p/free-host-tools->/p/pool-host-tools,,guide-to-kids-birthday-party-pool-rental-owensboro-ky.content.json
guide-to-kids-birthday-party-pool-rental-palmdale-ca,content,retarget,83fd74d4759e879729a7deb2c10fbdb6ae9413a1573b0c649293344bfac90b46,4910a17d4a3b023cb577eb2fa312f33a6e895c44cbca6ecf618ba3a65aa7806f,34319,34319,True,True,/p/free-host-tools->/p/pool-host-tools,,guide-to-kids-birthday-party-pool-rental-palmdale-ca.content.json
guide-to-kids-birthday-party-pool-rental-pearland-tx,body_markdown,retarget,5ca3889fcb6be7d3d47a4e7a5ce9d5ba1b3048c11bbf19d8f6f58f102afcba64,db906d2530dd91a64fcaf74b26e9f121cb617a2204c1ddb5b6b72f265f10f99a,31195,31195,True,True,/p/free-host-tools->/p/pool-host-tools,,guide-to-kids-birthday-party-pool-rental-pearland-tx.body_markdown.json
guide-to-kids-birthday-party-pool-rental-pharr-tx,body_markdown,retarget,91392b45e62558d2fedf4f95ada6c5407a1c084e33b374bf8beabee37ff2d099,e2d1fd59e6a1112f1c24634cf06323f2894626fa36e6abb05523e3998f07f37e,36452,36452,True,True,/p/free-host-tools->/p/pool-host-tools,,guide-to-kids-birthday-party-pool-rental-pharr-tx.body_markdown.json
guide-to-kids-birthday-party-pool-rental-pharr-tx,content,retarget,8c14194a313498b04e96fd4c4f41fc7ba731ecd30d48897c9e6f6ec8dd78f2e0,2b6110e7db19a82a28cfe9afe3a06da430cd43c18c06561c4711f147a46e83fe,36585,36585,True,True,/p/free-host-tools->/p/pool-host-tools,,guide-to-kids-birthday-party-pool-rental-pharr-tx.content.json
guide-to-kids-birthday-party-pool-rental-phenix-city-al,body_markdown,retarget,5c909c591b862a2f4565877daa54652c3a4eae32626759412eb60d0985a8268a,ebf9bc9d709c15f4de06e9858ba56d3fdaa0bc4fe46789f0c20a4a07c246ba55,31695,31695,True,True,/p/free-host-tools->/p/pool-host-tools,,guide-to-kids-birthday-party-pool-rental-phenix-city-al.body_markdown.json
guide-to-kids-birthday-party-pool-rental-pooler-ga,body_markdown,retarget,4b4328ab17ce6f0db015ad5020b993ef1a6b1dc513fc6101aff135995b1deefd,0c6e385be71d8c0109c64b8ee19502f090e8ea9313ff13869cb82c44a9b9ee24,33184,33184,True,True,/p/free-host-tools->/p/pool-host-tools,,guide-to-kids-birthday-party-pool-rental-pooler-ga.body_markdown.json
guide-to-kids-birthday-party-pool-rental-pooler-ga,content,retarget,22cb54c3f902e7a6bcfc97f56361e7052fbcbdfe588cba9bbba5ccf334e0b943,f4b63b13d91ee6f79f6f91e03f4d3d56feab74ec816a276d26a2a302fdfb204e,33283,33283,True,True,/p/free-host-tools->/p/pool-host-tools,,guide-to-kids-birthday-party-pool-rental-pooler-ga.content.json
guide-to-kids-birthday-party-pool-rental-portage-mi,body_markdown,retarget,3f360d4030ca6693598ae3a8006917df5a215fa0f22f7eb3bc4b72890ec5d105,5c14e115cd989ce6b7a103886aac5198829850f0ed81776e71f48d033ebf67b9,30450,30450,True,True,/p/free-host-tools->/p/pool-host-tools,,guide-to-kids-birthday-party-pool-rental-portage-mi.body_markdown.json
guide-to-kids-birthday-party-pool-rental-portage-mi,content,retarget,3f360d4030ca6693598ae3a8006917df5a215fa0f22f7eb3bc4b72890ec5d105,5c14e115cd989ce6b7a103886aac5198829850f0ed81776e71f48d033ebf67b9,30450,30450,True,True,/p/free-host-tools->/p/pool-host-tools,,guide-to-kids-birthday-party-pool-rental-portage-mi.content.json
guide-to-kids-birthday-party-pool-rental-prattville-al,body_markdown,retarget,b4202fe1657f07eee41bb6f7815efd8e79a6c7e7bca993c82c1e27ce7d809303,ebf23a85f306fa8b18dab183a94f2ee7b2d006cc732ba351812c06699386eb2a,29591,29591,True,True,/p/free-host-tools->/p/pool-host-tools,,guide-to-kids-birthday-party-pool-rental-prattville-al.body_markdown.json
guide-to-kids-birthday-party-pool-rental-prattville-al,content,retarget,b4202fe1657f07eee41bb6f7815efd8e79a6c7e7bca993c82c1e27ce7d809303,ebf23a85f306fa8b18dab183a94f2ee7b2d006cc732ba351812c06699386eb2a,29591,29591,True,True,/p/free-host-tools->/p/pool-host-tools,,guide-to-kids-birthday-party-pool-rental-prattville-al.content.json
guide-to-kids-birthday-party-pool-rental-prescott-valley-az,content,retarget,d922575da96ae6e030dd9219687224fb6deaef7602a52449dfc5bea277d9fd5d,91d2fee115db0889db19788b89186b8f61e8c10fa7888db1623543b6566d5118,35892,35892,True,True,/p/free-host-tools->/p/pool-host-tools,,guide-to-kids-birthday-party-pool-rental-prescott-valley-az.content.json
guide-to-kids-birthday-party-pool-rental-queen-creek-az,content,retarget,52dba0bedb619cc5a4b11514d605662016d91f1ffc2f2116cf7ce932dfef4d0f,be7f137c8cee5eb8d527d80b520a4a67765605d20f6d98854cafd0ad2a8fc856,39610,39610,True,True,/p/free-host-tools->/p/pool-host-tools,,guide-to-kids-birthday-party-pool-rental-queen-creek-az.content.json
guide-to-kids-birthday-party-pool-rental-rogers-ar,body_markdown,retarget,354f454d6f71fdcc4224dc7fa84bc95b17b0e545b5e273338638e9803e1ad134,8c265c78154707752b1ca60a5c15f293cc4915c066e14d5d9f64d97042a48e1f,37207,37207,True,True,/p/free-host-tools->/p/pool-host-tools,,guide-to-kids-birthday-party-pool-rental-rogers-ar.body_markdown.json
guide-to-kids-birthday-party-pool-rental-rogers-ar,content,retarget,78d98ab059e25cf22102dc0c4458fd35cd5318bf6555e8bc2b83efb87c494ac1,4d2d033722d1f01c516b9062343ccb7df529166132d074297a3cdf2020466a55,37350,37350,True,True,/p/free-host-tools->/p/pool-host-tools,,guide-to-kids-birthday-party-pool-rental-rogers-ar.content.json
guide-to-kids-birthday-party-pool-rental-salina-ks,content,retarget,24e4c711c76aece66e5e9ca72a7f59f550194f498b39c11387aae77c12fbdfbe,774cec6a74e32a06a7cdb6d338ab03a5c534a4f5e47e5fc11dd2f7ae58c02b30,36244,36244,True,True,/p/free-host-tools->/p/pool-host-tools,,guide-to-kids-birthday-party-pool-rental-salina-ks.content.json
guide-to-kids-birthday-party-pool-rental-shawnee-ks,body_markdown,retarget,a08a790ddbae4069372d697bb8a395b1680376eb897d4e6821ac6fdc6f9fe348,12263b49e76d55d5b1588bb9c5fb6cc015954fde4a591528db3f53cba77796eb,29690,29690,True,True,/p/free-host-tools->/p/pool-host-tools,,guide-to-kids-birthday-party-pool-rental-shawnee-ks.body_markdown.json
guide-to-kids-birthday-party-pool-rental-shawnee-ks,content,retarget,a08a790ddbae4069372d697bb8a395b1680376eb897d4e6821ac6fdc6f9fe348,12263b49e76d55d5b1588bb9c5fb6cc015954fde4a591528db3f53cba77796eb,29690,29690,True,True,/p/free-host-tools->/p/pool-host-tools,,guide-to-kids-birthday-party-pool-rental-shawnee-ks.content.json
guide-to-kids-birthday-party-pool-rental-slidell-la,body_markdown,retarget,8afbed4b14cebb3e61677dc53e4f1a2d597e0936b68d7777787c6a15d635cc46,b44f06f923c0b278c5fb05871f63c41d3fa5710365ec279b7c0f6ed5f8e46718,30776,30776,True,True,/p/free-host-tools->/p/pool-host-tools,,guide-to-kids-birthday-party-pool-rental-slidell-la.body_markdown.json
guide-to-kids-birthday-party-pool-rental-slidell-la,content,retarget,8afbed4b14cebb3e61677dc53e4f1a2d597e0936b68d7777787c6a15d635cc46,b44f06f923c0b278c5fb05871f63c41d3fa5710365ec279b7c0f6ed5f8e46718,30776,30776,True,True,/p/free-host-tools->/p/pool-host-tools,,guide-to-kids-birthday-party-pool-rental-slidell-la.content.json
guide-to-kids-birthday-party-pool-rental-southaven-ms,body_markdown,retarget,debcb2ce69a766271679a4329501f763d861a5130a85d05019a92ebb2fcee42d,5de3bec2fbd023703fc6c30dd9d17293905011ba7ba78a27e876d077f7eeb567,29921,29921,True,True,/p/free-host-tools->/p/pool-host-tools,,guide-to-kids-birthday-party-pool-rental-southaven-ms.body_markdown.json
guide-to-kids-birthday-party-pool-rental-southaven-ms,content,retarget,debcb2ce69a766271679a4329501f763d861a5130a85d05019a92ebb2fcee42d,5de3bec2fbd023703fc6c30dd9d17293905011ba7ba78a27e876d077f7eeb567,29921,29921,True,True,/p/free-host-tools->/p/pool-host-tools,,guide-to-kids-birthday-party-pool-rental-southaven-ms.content.json
guide-to-kids-birthday-party-pool-rental-sparks-nv,body_markdown,retarget,d2959b80678454785ddf6f3a5c930677835e144bee69959b8bfd89cf3307b5ed,c10392fe58fae87615b9f9caee8d03838d42068a412f9fd1493f0ed256af8c46,33338,33338,True,True,/p/free-host-tools->/p/pool-host-tools,,guide-to-kids-birthday-party-pool-rental-sparks-nv.body_markdown.json
guide-to-kids-birthday-party-pool-rental-sparks-nv,content,retarget,33a9f66cd1aec046b0fb2752c5373fc89d85463f793f7cf7bd1075f9c800e54c,11e8a60b6b536898c91978900c16ecde9aef74ac946255e399dbfab916792651,33516,33516,True,True,/p/free-host-tools->/p/pool-host-tools,,guide-to-kids-birthday-party-pool-rental-sparks-nv.content.json
guide-to-kids-birthday-party-pool-rental-spartanburg-sc,body_markdown,retarget,05fd5eb68376bd72be892cd67253056c9ade8200bc9ff3aadac5222e5dac414d,1cf288d8cef025622dcbd2b5bd04768622cd565ce6e83717193956e9e95080ac,35015,35015,True,True,/p/free-host-tools->/p/pool-host-tools,,guide-to-kids-birthday-party-pool-rental-spartanburg-sc.body_markdown.json
guide-to-kids-birthday-party-pool-rental-spartanburg-sc,content,retarget,43fe2199c79b7149fe422f54ce1e761af642ab64e67815bf35a4a969081722db,ac590abeaf1d8a9d5096b0003a54b193da08c6d2e78514b621db0fddea322675,35101,35101,True,True,/p/free-host-tools->/p/pool-host-tools,,guide-to-kids-birthday-party-pool-rental-spartanburg-sc.content.json
guide-to-kids-birthday-party-pool-rental-spring-hill-tn,body_markdown,retarget,d237b07fb2fff0b08a97f56998200977abbf608eb00fac5e7f583795bff15cd4,436cb40f290dfce76966dca4a7c41579ed257784d31f04182599a8c7e0a2f9c5,29826,29826,True,True,/p/free-host-tools->/p/pool-host-tools,,guide-to-kids-birthday-party-pool-rental-spring-hill-tn.body_markdown.json
guide-to-kids-birthday-party-pool-rental-spring-hill-tn,content,retarget,d237b07fb2fff0b08a97f56998200977abbf608eb00fac5e7f583795bff15cd4,436cb40f290dfce76966dca4a7c41579ed257784d31f04182599a8c7e0a2f9c5,29826,29826,True,True,/p/free-host-tools->/p/pool-host-tools,,guide-to-kids-birthday-party-pool-rental-spring-hill-tn.content.json
guide-to-kids-birthday-party-pool-rental-temple-tx,body_markdown,retarget,d439bd3172ea468debeb19a7a802d77ec31107fee93686a6cde5db0816b281bf,f5d575ea11450b13ae9cf6037f510a3cf4473195c908046f6a61b24b1b51cfcd,31459,31459,True,True,/p/free-host-tools->/p/pool-host-tools,,guide-to-kids-birthday-party-pool-rental-temple-tx.body_markdown.json
guide-to-kids-birthday-party-pool-rental-temple-tx,content,retarget,d439bd3172ea468debeb19a7a802d77ec31107fee93686a6cde5db0816b281bf,f5d575ea11450b13ae9cf6037f510a3cf4473195c908046f6a61b24b1b51cfcd,31459,31459,True,True,/p/free-host-tools->/p/pool-host-tools,,guide-to-kids-birthday-party-pool-rental-temple-tx.content.json
guide-to-kids-birthday-party-pool-rental-tyler-tx,body_markdown,retarget,90c925f2a25fc4d745e45326ec72d8d29f1393346a7f2faed7be4030e2f490aa,0f401af81416c0f10350ff0274d4825b5d811b2f4088cc9bf9fedfb7447c4666,30339,30339,True,True,/p/free-host-tools->/p/pool-host-tools,,guide-to-kids-birthday-party-pool-rental-tyler-tx.body_markdown.json
guide-to-kids-birthday-party-pool-rental-tyler-tx,content,retarget,90c925f2a25fc4d745e45326ec72d8d29f1393346a7f2faed7be4030e2f490aa,0f401af81416c0f10350ff0274d4825b5d811b2f4088cc9bf9fedfb7447c4666,30339,30339,True,True,/p/free-host-tools->/p/pool-host-tools,,guide-to-kids-birthday-party-pool-rental-tyler-tx.content.json
guide-to-kids-birthday-party-pool-rental-victorville-ca,content,retarget,5f6e471c2981ec993e7815700c14203f65906e7fb0920705a2cc8c6c02dfb480,eca17199c5176bba52e51abe5c29bdf6ca91fddd2bb6b54eb39ccb9e6f180ad2,34401,34401,True,True,/p/free-host-tools->/p/pool-host-tools,,guide-to-kids-birthday-party-pool-rental-victorville-ca.content.json
guide-to-quinceanera-pool-rental-amarillo-tx,body_markdown,retarget,a0e89d466b690c25986f73d6e04f427c22c7b3e85af4a36980854f02796eade8,53cc33b34657af8ebccb31efd25d911f8014c26cdc27044d9f34a37337476434,35096,35096,True,True,/p/free-host-tools->/p/pool-host-tools,,guide-to-quinceanera-pool-rental-amarillo-tx.body_markdown.json
guide-to-quinceanera-pool-rental-amarillo-tx,content,retarget,274d4b59fb74fc55ba4ac54bb9b1e0d5ae868ed11b393e3eeb0b2eb238cf3624,d5dd39783e58c29db29e3d6a65a3e2693c04a6bd2fa62a10916eabc80a345531,35239,35239,True,True,/p/free-host-tools->/p/pool-host-tools,,guide-to-quinceanera-pool-rental-amarillo-tx.content.json
guide-to-quinceanera-pool-rental-baytown-tx,body_markdown,retarget,b8b12553a9ab587ddb9de953a4e0dca94d2e3f176b8f5f2a6616104a72346fb8,833ae76b3816085876b9faa8d47df52d3ef19d562492b8b233b809ad8aec70ea,30213,30213,True,True,/p/free-host-tools->/p/pool-host-tools,,guide-to-quinceanera-pool-rental-baytown-tx.body_markdown.json
guide-to-quinceanera-pool-rental-brownsville-tx,body_markdown,retarget,e8485e4c2c2ec57e9af040890cffa7f72b152b8a77af3f903590411505f0c433,730c160e36ae502b72f5becfbc91020382a432b50163af27893010e134a08ec0,28516,28516,True,True,/p/free-host-tools->/p/pool-host-tools,,guide-to-quinceanera-pool-rental-brownsville-tx.body_markdown.json
guide-to-quinceanera-pool-rental-brownsville-tx,content,retarget,e8485e4c2c2ec57e9af040890cffa7f72b152b8a77af3f903590411505f0c433,730c160e36ae502b72f5becfbc91020382a432b50163af27893010e134a08ec0,28516,28516,True,True,/p/free-host-tools->/p/pool-host-tools,,guide-to-quinceanera-pool-rental-brownsville-tx.content.json
guide-to-quinceanera-pool-rental-casa-grande-az,body_markdown,retarget,92d3c308c9f5c0e426bc1d73bafa9ec025e296b46b523bf57438463b662bc6c9,7c081fbcda0af83d52e6e57dc39fc10f2793641ba7321c847b587def50a6c277,35365,35365,True,True,/p/free-host-tools->/p/pool-host-tools,,guide-to-quinceanera-pool-rental-casa-grande-az.body_markdown.json
guide-to-quinceanera-pool-rental-casa-grande-az,content,retarget,564686883e8733c464e85c4f5687aa4005d8962e50a10c7f1c17d03d5577cc17,ffda126631230212a74a2667ef639982f1f04187cb8a1620131ce84652ae9d56,35508,35508,True,True,/p/free-host-tools->/p/pool-host-tools,,guide-to-quinceanera-pool-rental-casa-grande-az.content.json
guide-to-quinceanera-pool-rental-corpus-christi-tx,body_markdown,retarget,a82488bb2a21be3760300171463a0197acfc4f2983aac09ecfb976030110fc2b,684347788cfbe193c4082cf183e4b4abf6feb37bebfd8f6c963ef879685edda9,31063,31063,True,True,/p/free-host-tools->/p/pool-host-tools,,guide-to-quinceanera-pool-rental-corpus-christi-tx.body_markdown.json
guide-to-quinceanera-pool-rental-corpus-christi-tx,content,retarget,a82488bb2a21be3760300171463a0197acfc4f2983aac09ecfb976030110fc2b,684347788cfbe193c4082cf183e4b4abf6feb37bebfd8f6c963ef879685edda9,31063,31063,True,True,/p/free-host-tools->/p/pool-host-tools,,guide-to-quinceanera-pool-rental-corpus-christi-tx.content.json
guide-to-quinceanera-pool-rental-dalton-ga,body_markdown,retarget,44750542e7f7ebe40f4b2f3135284e8f121df56b27e2f885b9d336a4e5197139,577bf3d6fca379cdc2b48fdc52ed84e6cff55eae5860868247f2f21353328303,35917,35917,True,True,/p/free-host-tools->/p/pool-host-tools,,guide-to-quinceanera-pool-rental-dalton-ga.body_markdown.json
guide-to-quinceanera-pool-rental-dalton-ga,content,retarget,71af676622aaf13d9c92df7cd03210d4a31c378e59e1f0a0844c430448af6cc5,47ed7d06f3294424eafbc7dced51cda2ecfbc3ca8f4461da5a6b6bab31b00bb6,35981,35981,True,True,/p/free-host-tools->/p/pool-host-tools,,guide-to-quinceanera-pool-rental-dalton-ga.content.json
guide-to-quinceanera-pool-rental-fontana-ca,body_markdown,retarget,921da2dfdf02bd93d8df3cab16392084306799eb06048e560e9ed60b3f017ae4,84bf2b726d13fbcbc50289de5767152a10e68f2a715a11388b6b109e37aa86dd,34125,34125,True,True,/p/free-host-tools->/p/pool-host-tools,,guide-to-quinceanera-pool-rental-fontana-ca.body_markdown.json
guide-to-quinceanera-pool-rental-fontana-ca,content,retarget,bd70de207e5c201e10d19dec72d1e413a40d3c761c7172bfef9ead690878e05e,8bed50171c50e63d4764bf558a8757507a5bb3e42c846c9bc42365757c92e4f8,34233,34233,True,True,/p/free-host-tools->/p/pool-host-tools,,guide-to-quinceanera-pool-rental-fontana-ca.content.json
guide-to-quinceanera-pool-rental-goodyear-az,body_markdown,retarget,41f21475db2523763b0a00f1199a8970562d8e62591dad1a541a6a41f9fd53b1,3a31fa3eb3d1bb7a7b32ab4d02f95c2bf6e0f453af042678785c2c05e38a604c,34919,34919,True,True,/p/free-host-tools->/p/pool-host-tools,,guide-to-quinceanera-pool-rental-goodyear-az.body_markdown.json
guide-to-quinceanera-pool-rental-goodyear-az,content,retarget,6f460f1e7d55314a7efa25f97a8a92c9e634e7f40b28b8596cf3f0a13518886e,4381bced3e0192d1e1f8d6773234431318a670ca82e92541d2154d62cd0e7a88,35040,35040,True,True,/p/free-host-tools->/p/pool-host-tools,,guide-to-quinceanera-pool-rental-goodyear-az.content.json
guide-to-quinceanera-pool-rental-grand-prairie-tx,body_markdown,retarget,13f81de20f888948cb1d33fee99ca0f4a1e32e98520e08540b784970a9b44594,43b4ee5a13e83a7f4ce79da4338cc792d4e463917e22f3e83934eab52e1ff7db,35836,35836,True,True,/p/free-host-tools->/p/pool-host-tools,,guide-to-quinceanera-pool-rental-grand-prairie-tx.body_markdown.json
guide-to-quinceanera-pool-rental-grand-prairie-tx,content,retarget,83e62ce0704d556b0a55df6ecc78cdc6cd9692510a42c8bd9ee1ce9e2f802085,ea24d71071a39818b345eea31eaf3ccfac4e47c1fb07627b2de44c82db6ed7a2,35982,35982,True,True,/p/free-host-tools->/p/pool-host-tools,,guide-to-quinceanera-pool-rental-grand-prairie-tx.content.json
guide-to-quinceanera-pool-rental-joliet-il,body_markdown,retarget,dfe4f032d2ad04fffb14ab6476b675fd86a052adea8bfe5b643a043b5d861168,e5286fea013891635730490b839dbf681c1c2af0532b8b9c83aff266c3c25030,28979,28979,True,True,/p/free-host-tools->/p/pool-host-tools,,guide-to-quinceanera-pool-rental-joliet-il.body_markdown.json
guide-to-quinceanera-pool-rental-joliet-il,content,retarget,dfe4f032d2ad04fffb14ab6476b675fd86a052adea8bfe5b643a043b5d861168,e5286fea013891635730490b839dbf681c1c2af0532b8b9c83aff266c3c25030,28979,28979,True,True,/p/free-host-tools->/p/pool-host-tools,,guide-to-quinceanera-pool-rental-joliet-il.content.json
guide-to-quinceanera-pool-rental-jurupa-valley-ca,content,retarget,697d7c5f64ba102069008e063c7332b44ab1d2a5fccf9ff2e16088ca70ebfbf3,d6c5023f5f1bd3afbe97b9c2a8df48eba7e234556bcf09586130fc9eaf5bebf5,35578,35578,True,True,/p/free-host-tools->/p/pool-host-tools,,guide-to-quinceanera-pool-rental-jurupa-valley-ca.content.json
guide-to-quinceanera-pool-rental-lehigh-acres-fl,body_markdown,retarget,7ebbfed2b0f8a02a862c39be11c1b7214504932bbce33d1e46c3db63e656d33d,2297f2ca18065022e2a5aa798225db307feaa5f9d51cd176962dd20d3d78d25b,30798,30798,True,True,/p/free-host-tools->/p/pool-host-tools,,guide-to-quinceanera-pool-rental-lehigh-acres-fl.body_markdown.json
guide-to-quinceanera-pool-rental-lehigh-acres-fl,content,retarget,7ebbfed2b0f8a02a862c39be11c1b7214504932bbce33d1e46c3db63e656d33d,2297f2ca18065022e2a5aa798225db307feaa5f9d51cd176962dd20d3d78d25b,30798,30798,True,True,/p/free-host-tools->/p/pool-host-tools,,guide-to-quinceanera-pool-rental-lehigh-acres-fl.content.json
guide-to-quinceanera-pool-rental-mcallen-tx,body_markdown,retarget,032519422e86891e64ac300e01459cd7720ac5070244a494988b6040bd98bf51,d554be01f39fb725e9432b935dd4a9b6afa470c0e565b158b0884af2ff4a3e92,28157,28157,True,True,/p/free-host-tools->/p/pool-host-tools,,guide-to-quinceanera-pool-rental-mcallen-tx.body_markdown.json
guide-to-quinceanera-pool-rental-mcallen-tx,content,retarget,032519422e86891e64ac300e01459cd7720ac5070244a494988b6040bd98bf51,d554be01f39fb725e9432b935dd4a9b6afa470c0e565b158b0884af2ff4a3e92,28157,28157,True,True,/p/free-host-tools->/p/pool-host-tools,,guide-to-quinceanera-pool-rental-mcallen-tx.content.json
guide-to-quinceanera-pool-rental-rogers-ar,body_markdown,retarget,4a25afff565d7f65a2770bd60ca782730d5346e961f700b9dcfcf104f55f9916,def21452a247c66cc0758ee4967eb27b7c28be0738c6e325fef09fc03afdef2f,36046,36046,True,True,/p/free-host-tools->/p/pool-host-tools,,guide-to-quinceanera-pool-rental-rogers-ar.body_markdown.json
guide-to-quinceanera-pool-rental-rogers-ar,content,retarget,e15d1baef110e15779cbfcfcc8704f443453e174314989aaabef5743605856ce,5d90dda417165e611f6519179d2eadb917f2b150d3c9e7b1aec93b10c6ff5c5b,36157,36157,True,True,/p/free-host-tools->/p/pool-host-tools,,guide-to-quinceanera-pool-rental-rogers-ar.content.json
guide-to-quinceanera-pool-rental-sparks-nv,content,retarget,bf64eb30f482fb97f5789c3f430fd686ef06e4d8051ae236a6ec5d58453a5662,65231418651236db3d1e632b9fb9ee6045d00511cc63bc8ea608c1162cf5fc94,34955,34955,True,True,/p/free-host-tools->/p/pool-host-tools,,guide-to-quinceanera-pool-rental-sparks-nv.content.json
guide-to-quinceanera-pool-rental-springdale-ar,content,retarget,f3e6b1f41e7389cedd82860445409a71777ebdaec9007dccdde149cbec6f2db4,30cc5a368bbde686b74e781d3036bd94381b0070ee93bd3b43ba4e4d165214d9,36968,36968,True,True,/p/free-host-tools->/p/pool-host-tools,,guide-to-quinceanera-pool-rental-springdale-ar.content.json
guide-to-quinceanera-pool-rental-victorville-ca,content,retarget,577a716975ab735464aa40832d2f5cecb2131632178e66966b0033a8e1f94a72,bbb6cf5709dc8ff5ed834637f0985a0fd9bbbc84d50090f856d90ba38a87d762,35298,35298,True,True,/p/free-host-tools->/p/pool-host-tools,,guide-to-quinceanera-pool-rental-victorville-ca.content.json
guide-to-quinceanera-pool-rental-waco-tx,body_markdown,retarget,bca9c67ec3cf6ab733aba1874cd5a57362af9acd980078be120899f772d738b9,19ad99c9eee1c92cfe4a8cd427ef1492173bb4b7d22ec5bdcea06090aeff6282,28387,28387,True,True,/p/free-host-tools->/p/pool-host-tools,,guide-to-quinceanera-pool-rental-waco-tx.body_markdown.json
guide-to-quinceanera-pool-rental-waco-tx,content,retarget,bca9c67ec3cf6ab733aba1874cd5a57362af9acd980078be120899f772d738b9,19ad99c9eee1c92cfe4a8cd427ef1492173bb4b7d22ec5bdcea06090aeff6282,28387,28387,True,True,/p/free-host-tools->/p/pool-host-tools,,guide-to-quinceanera-pool-rental-waco-tx.content.json
host-advocacy-arizona,body_markdown,retarget,280ae2e3f11b4c2b49bcc2199e4dfc9816e5cd62e4c260c8c84605c3aa975fcd,0938763d103a0c41771d582653a78b4a47480c5bed3a348dc11052c6aa535c51,5829,5829,True,True,/p/free-host-tools->/p/pool-host-tools,,host-advocacy-arizona.body_markdown.json
host-training-academy,body_markdown,retarget,8a79df0e6272ebad8aaf7b846274af6ee546cc3e5a7eb5ca3675a558f42a60f4,c0dde0501bb57bcb67181762153990ac1b1f7d93c52307873baf241ebe8fe03d,3584,3584,True,True,/p/free-host-tools->/p/pool-host-tools,,host-training-academy.body_markdown.json
jackson,body_markdown,unwrap,d159764556ca6a111ff43c5a3f6b5a24d183c57dce127441bb20851f976533f6,4eaa1d478604ed078550587b23ee2fa1b0396f26a3a698e2cef7c9d6ceafd251,12800,12756,True,True,,/g/how-much-does-it-cost-to-build-a-pool,jackson.body_markdown.dead.json
jackson,content,unwrap,08668777eb8513fe2874b3ae1290517d65fb0eed3069210f28654abcfe081646,7ecdf0b0bed16af77bfd3adf77b6ff96c00c73fa7c8131b83defc19db69b49d6,11655,11611,True,True,,/g/how-much-does-it-cost-to-build-a-pool,jackson.content.dead.json
joliet,body_markdown,unwrap,bb7f2eb450694ecc181303fc7608022f09bd43751c0e9b271019bfdc8eedf36d,e3184313902cbd97ccde3acd035c114654d53652121711dbcbe8cdd46dd10847,9798,9738,True,True,,https://poolrentalnearme.com/guides/cost-to-build-a-pool,joliet.body_markdown.dead.json
joliet,content,unwrap,679f3a501120563d2ef521477305f84d7a10ac3c98c2c6249e26ca44177df8a6,216e0f7abd68ba6be790606a0393788a96dc1b5c18cc6d74b828e75ed7b1c1ae,9110,9050,True,True,,https://poolrentalnearme.com/guides/cost-to-build-a-pool,joliet.content.dead.json
kids-birthday-pool-party-amarillo-tx,body_markdown,retarget,aa8e1d75b4a6f43e0677e9d3cc48b7eb98df3ecce8b4a0b299e90788b4a6c8cf,340f33c010f988d2ee8377986819c819c44f8dd555026b553fb0a46a46ffcbcd,18674,18674,True,True,/p/free-host-tools->/p/pool-host-tools,,kids-birthday-pool-party-amarillo-tx.body_markdown.json
kids-birthday-pool-party-amarillo-tx,content,retarget,f14c81c2a9c3bf6e72059307c52247f3a5aa4d359b34bd6a3bc5695f621f3b2e,1e87bee148674e707f2d55529c5c03b2e082571a965a1fcbd0a175511adb944f,18738,18738,True,True,/p/free-host-tools->/p/pool-host-tools,,kids-birthday-pool-party-amarillo-tx.content.json
kids-birthday-pool-party-bloomington-il,body_markdown,retarget,83c11c7674db8905a066e4574671e0b8434439074bb756748abf158d8ca2d3e3,76572ec62be018102d30b99fa78d97f150741a2df6d85833801d3d3e14656cc0,20008,20008,True,True,/p/free-host-tools->/p/pool-host-tools,,kids-birthday-pool-party-bloomington-il.body_markdown.json
kids-birthday-pool-party-bloomington-il,content,retarget,7d1cc9685dc694c26a32691602e9da084827701ca9a6a01de066ac60a0931c97,fddf4647a531453ddb6c970869022e51868d3bdb7b606bbedd86095350e09139,20116,20116,True,True,/p/free-host-tools->/p/pool-host-tools,,kids-birthday-pool-party-bloomington-il.content.json
kids-birthday-pool-party-bowling-green-ky,body_markdown,retarget,a16e65d2193ff919492580d015e027cacabdba7ccc017c25c23afa16953f6d09,78cd989fee16147907efc5d66a10da26dd3127660b2038d356307f7dbd3efe70,20802,20802,True,True,/p/free-host-tools->/p/pool-host-tools,,kids-birthday-pool-party-bowling-green-ky.body_markdown.json
kids-birthday-pool-party-bowling-green-ky,content,retarget,457b4c227b761fb31faebaf3177a6520d2364cf34e5f0f82df423bfc02c92f69,00b67cf6b6379f84c3d3c8eeccbdb02d7358b5e00353e8869174e6b938d781fe,20866,20866,True,True,/p/free-host-tools->/p/pool-host-tools,,kids-birthday-pool-party-bowling-green-ky.content.json
kids-birthday-pool-party-brownsville-tx,body_markdown,retarget,8fd6ac5ccc6a6a3bd9c891861599c56f0b25665978ed7c04feb06aa9cb968d90,fb446dd9ba4bf73bfba0514f74a249cf262330c48738cabe2ac73b1fa23c5983,29715,29715,True,True,/p/free-host-tools->/p/pool-host-tools,,kids-birthday-pool-party-brownsville-tx.body_markdown.json
kids-birthday-pool-party-brownsville-tx,content,retarget,8fd6ac5ccc6a6a3bd9c891861599c56f0b25665978ed7c04feb06aa9cb968d90,fb446dd9ba4bf73bfba0514f74a249cf262330c48738cabe2ac73b1fa23c5983,29715,29715,True,True,/p/free-host-tools->/p/pool-host-tools,,kids-birthday-pool-party-brownsville-tx.content.json
kids-birthday-pool-party-buckeye-az,body_markdown,retarget,6a53c27b266a7fc17aa70f031b9eae926da2c45f8020b261927e819c9eb32380,13a7db3db40e72704f05c148aaf2891a1e58881053a11bd2bb5f7d57c1d65bf0,20919,20919,True,True,/p/free-host-tools->/p/pool-host-tools,,kids-birthday-pool-party-buckeye-az.body_markdown.json
kids-birthday-pool-party-buckeye-az,content,retarget,00bff49a1cfe938270ded6875ccb444d9f509e599f6d2d97f4e793950046b4bc,45ae33560d40716546e1e4625822822eeebd46cfa0e495973c2f9889175de8b1,20983,20983,True,True,/p/free-host-tools->/p/pool-host-tools,,kids-birthday-pool-party-buckeye-az.content.json
kids-birthday-pool-party-bullhead-city-az,body_markdown,retarget,834fed8c6519455d73076af16ea1d58e8444eb25c9b6308bd6c83c29ec94060a,4e0b10382da8f252965ce84648e63d3d3d538085ec9c62610d4618c030fac856,30632,30632,True,True,/p/free-host-tools->/p/pool-host-tools,,kids-birthday-pool-party-bullhead-city-az.body_markdown.json
kids-birthday-pool-party-bullhead-city-az,content,retarget,834fed8c6519455d73076af16ea1d58e8444eb25c9b6308bd6c83c29ec94060a,4e0b10382da8f252965ce84648e63d3d3d538085ec9c62610d4618c030fac856,30632,30632,True,True,/p/free-host-tools->/p/pool-host-tools,,kids-birthday-pool-party-bullhead-city-az.content.json
kids-birthday-pool-party-cleveland-tn,body_markdown,retarget,c3b40de5c038e9d0802c9f8c9b9b58a9b9632ec3d4b969fd30b35dbdaa3bc9e2,23725b413ed7eaeeb66918fd17f018e28936dde2220f3289c30ed5311e738811,32704,32704,True,True,/p/free-host-tools->/p/pool-host-tools,,kids-birthday-pool-party-cleveland-tn.body_markdown.json
kids-birthday-pool-party-cleveland-tn,content,retarget,c3b40de5c038e9d0802c9f8c9b9b58a9b9632ec3d4b969fd30b35dbdaa3bc9e2,23725b413ed7eaeeb66918fd17f018e28936dde2220f3289c30ed5311e738811,32704,32704,True,True,/p/free-host-tools->/p/pool-host-tools,,kids-birthday-pool-party-cleveland-tn.content.json
kids-birthday-pool-party-florence-sc,body_markdown,retarget,5a65bc2ee852a796dd690b870609872b76deb420ccc292d9b45d6168463ece67,ded87fa5116e41b0101789a30ef4dbfdb46c2cea740ba9e788661de0e38c8e20,20403,20403,True,True,/p/free-host-tools->/p/pool-host-tools,,kids-birthday-pool-party-florence-sc.body_markdown.json
kids-birthday-pool-party-florence-sc,content,retarget,5a65bc2ee852a796dd690b870609872b76deb420ccc292d9b45d6168463ece67,ded87fa5116e41b0101789a30ef4dbfdb46c2cea740ba9e788661de0e38c8e20,20403,20403,True,True,/p/free-host-tools->/p/pool-host-tools,,kids-birthday-pool-party-florence-sc.content.json
kids-birthday-pool-party-goose-creek-sc,body_markdown,retarget,fc9b915239fe69cfa362b01dac6d8e06a4b3df377ebbca8af3438dd01b512eb9,8590a7839c871cf0b2a99866e61ae763f8ed74e80263547a9c7aed8c66370e53,28683,28683,True,True,/p/free-host-tools->/p/pool-host-tools,,kids-birthday-pool-party-goose-creek-sc.body_markdown.json
kids-birthday-pool-party-goose-creek-sc,content,retarget,fc9b915239fe69cfa362b01dac6d8e06a4b3df377ebbca8af3438dd01b512eb9,8590a7839c871cf0b2a99866e61ae763f8ed74e80263547a9c7aed8c66370e53,28683,28683,True,True,/p/free-host-tools->/p/pool-host-tools,,kids-birthday-pool-party-goose-creek-sc.content.json
kids-birthday-pool-party-grand-prairie-tx,body_markdown,retarget,28c091d9f1b8c842f001c4f18419db0edd1856c69b404ef3998c38e6a149430e,d68436ec0539ea4486dddc8b08bd7849c8bc54d13c9e75a2484ad927b45833b1,19122,19122,True,True,/p/free-host-tools->/p/pool-host-tools,,kids-birthday-pool-party-grand-prairie-tx.body_markdown.json
kids-birthday-pool-party-grand-prairie-tx,content,retarget,28c091d9f1b8c842f001c4f18419db0edd1856c69b404ef3998c38e6a149430e,d68436ec0539ea4486dddc8b08bd7849c8bc54d13c9e75a2484ad927b45833b1,19122,19122,True,True,/p/free-host-tools->/p/pool-host-tools,,kids-birthday-pool-party-grand-prairie-tx.content.json
kids-birthday-pool-party-huber-heights-oh,body_markdown,retarget,7095a9a6ed7be8030979e66a59a1cd908485b3ffb3537a0f861e61ac3c97ae43,551469d2ff0a497e34de7908d8c6c23847fb4c34ca0bf613be6dc7a5fa699175,30863,30863,True,True,/p/free-host-tools->/p/pool-host-tools,,kids-birthday-pool-party-huber-heights-oh.body_markdown.json
kids-birthday-pool-party-huber-heights-oh,content,retarget,7095a9a6ed7be8030979e66a59a1cd908485b3ffb3537a0f861e61ac3c97ae43,551469d2ff0a497e34de7908d8c6c23847fb4c34ca0bf613be6dc7a5fa699175,30863,30863,True,True,/p/free-host-tools->/p/pool-host-tools,,kids-birthday-pool-party-huber-heights-oh.content.json
kids-birthday-pool-party-laredo-tx,body_markdown,retarget,eb8452ca827f56e49b00552fbbe82a8ff718113bb1d15a5c3fb09fc822f13753,053d731369a7d0b0cfbb6d64a277015f96fbf945267a1100d88370079b0bda2f,18945,18945,True,True,/p/free-host-tools->/p/pool-host-tools,,kids-birthday-pool-party-laredo-tx.body_markdown.json
kids-birthday-pool-party-laredo-tx,content,retarget,9ecfd25bf3a257becf04543afb92ed3c3ca27b8db73e57ede4f143acb2a7e383,ce88ab99b0f6f45faaed3244d7b25a0776ff5035ea6ae590d8614f419a7c56d3,19074,19074,True,True,/p/free-host-tools->/p/pool-host-tools,,kids-birthday-pool-party-laredo-tx.content.json
kids-birthday-pool-party-lubbock-tx,body_markdown,retarget,d447e2a8f6ac39f860f9d090b38f10466809b2ec584bba317667e142ba63589f,ded92f2e2560e8f931a1ba83b32a553a465e3d7137c18d83e7e409a162835710,29059,29059,True,True,/p/free-host-tools->/p/pool-host-tools,,kids-birthday-pool-party-lubbock-tx.body_markdown.json
kids-birthday-pool-party-lubbock-tx,content,retarget,d447e2a8f6ac39f860f9d090b38f10466809b2ec584bba317667e142ba63589f,ded92f2e2560e8f931a1ba83b32a553a465e3d7137c18d83e7e409a162835710,29059,29059,True,True,/p/free-host-tools->/p/pool-host-tools,,kids-birthday-pool-party-lubbock-tx.content.json
kids-birthday-pool-party-midland-mi,body_markdown,retarget,a6e7368e83d6e6847119ad5bc7c5254eec86410f321e0797bb385ebf4a113498,33fa4910662e82abcec8c3996ada3ce82fb249400d4ff2042d08aa1d20926e93,30682,30682,True,True,/p/free-host-tools->/p/pool-host-tools,,kids-birthday-pool-party-midland-mi.body_markdown.json
kids-birthday-pool-party-midland-mi,content,retarget,a6e7368e83d6e6847119ad5bc7c5254eec86410f321e0797bb385ebf4a113498,33fa4910662e82abcec8c3996ada3ce82fb249400d4ff2042d08aa1d20926e93,30682,30682,True,True,/p/free-host-tools->/p/pool-host-tools,,kids-birthday-pool-party-midland-mi.content.json
kids-birthday-pool-party-moore-ok,body_markdown,retarget,339931606cd4dd525b6b7f629b0158154edb9b5f6ad0155638c0cf9c92afad82,1305d66cf58bb883271f5f29f0f4524eb8a66f3d2dd826881fa89fa35e8da132,30404,30404,True,True,/p/free-host-tools->/p/pool-host-tools,,kids-birthday-pool-party-moore-ok.body_markdown.json
kids-birthday-pool-party-moore-ok,content,retarget,339931606cd4dd525b6b7f629b0158154edb9b5f6ad0155638c0cf9c92afad82,1305d66cf58bb883271f5f29f0f4524eb8a66f3d2dd826881fa89fa35e8da132,30404,30404,True,True,/p/free-host-tools->/p/pool-host-tools,,kids-birthday-pool-party-moore-ok.content.json
kids-birthday-pool-party-moreno-valley-ca,body_markdown,retarget,409271829438f21bb80c588bbdac28843649f11f9209f3db47e35cae6cff1c13,181cd228d2076b3d80f0bf5ec4ad8df132751ebdf6075a3ec64f61c05accd9bb,19853,19853,True,True,/p/free-host-tools->/p/pool-host-tools,,kids-birthday-pool-party-moreno-valley-ca.body_markdown.json
kids-birthday-pool-party-moreno-valley-ca,content,retarget,557ed275a8118a0ea7ef1c97a4bf97d7c64d0f42251a7f42ddd2366b580bc4db,ae187fb84ee18987e8f7d1039cdac61487c5159e6b3b58d84d9c45c523fe26f5,20028,20028,True,True,/p/free-host-tools->/p/pool-host-tools,,kids-birthday-pool-party-moreno-valley-ca.content.json
kids-birthday-pool-party-murfreesboro-tn,body_markdown,retarget,fe8cd06888d71f68e2e754d442082c8187d2cdf6ea47a79bf97bcb23d7aad3e3,e06156332944c2f40a06e35dfd1ba33777947ba0e8e0b482e87915d7a4a50562,21111,21111,True,True,/p/free-host-tools->/p/pool-host-tools,,kids-birthday-pool-party-murfreesboro-tn.body_markdown.json
kids-birthday-pool-party-murfreesboro-tn,content,retarget,5c3f9944b5dfb47e5e42cfd7d5faadb600b003b522e4899ff089b6cbb9fd45ca,382e8213e881f0c529aad3739acf220068d497c499c9a8267ab8ed578cf6983e,21229,21229,True,True,/p/free-host-tools->/p/pool-host-tools,,kids-birthday-pool-party-murfreesboro-tn.content.json
kids-birthday-pool-party-new-albany-in,body_markdown,retarget,5e05846483dca88c6418d0ef1ff0d82eebae1f3d2668708b7a250ac9aaee7df0,37d571c3d258aec5d41736aa78477e6782404a96a6383d605a9a664393dc3309,27797,27797,True,True,/p/free-host-tools->/p/pool-host-tools,,kids-birthday-pool-party-new-albany-in.body_markdown.json
kids-birthday-pool-party-north-las-vegas-nv,body_markdown,retarget,74d8616302af6e63e4acda80a05d98437c2c83ddfbc3cc1098ac472a7377a74a,2428a1ac2644994397ae27dd50fd44ce8f45cb532a764057a92e8239cfa856d0,19073,19073,True,True,/p/free-host-tools->/p/pool-host-tools,,kids-birthday-pool-party-north-las-vegas-nv.body_markdown.json
kids-birthday-pool-party-north-las-vegas-nv,content,retarget,4e2444e1b17da58d80e6e3ef7f50d32969f718bec258cbbe2e6d0bceb8dd6957,e8b91866f6b4a3acd2fe39042bbb38457e5aaf2aab3bf6c6b6bc2a067d7d896a,19137,19137,True,True,/p/free-host-tools->/p/pool-host-tools,,kids-birthday-pool-party-north-las-vegas-nv.content.json
kids-birthday-pool-party-olive-branch-ms,body_markdown,retarget,eac5d86e07d2a9f42982ee4cdc4cdba0be59865afb67158ac77f669621653622,2c26365d299eb860e7336b6b252f1cc41d1e860f9b6f9c41cba7c681ae2d0a9f,18577,18577,True,True,/p/free-host-tools->/p/pool-host-tools,,kids-birthday-pool-party-olive-branch-ms.body_markdown.json
kids-birthday-pool-party-olive-branch-ms,content,retarget,5aaa2ac2bfaf57051c0297712effe5750424c227c9e9472c034cb59912168d2e,61183fcbbdfb6246906180067bea5ff39c98e310d7d4f5b391eb6e1666c3becd,18685,18685,True,True,/p/free-host-tools->/p/pool-host-tools,,kids-birthday-pool-party-olive-branch-ms.content.json
kids-birthday-pool-party-palm-coast-fl,body_markdown,retarget,af965429489a33260c0c54e71cdcc0c7c2f183c81340219af064f631b8efcb8e,2c7042ba14e2606e466ea9d3e998d20728dd7912f573c6fd4dfaf1c05cebb06d,30964,30964,True,True,/p/free-host-tools->/p/pool-host-tools,,kids-birthday-pool-party-palm-coast-fl.body_markdown.json
kids-birthday-pool-party-palm-coast-fl,content,retarget,af965429489a33260c0c54e71cdcc0c7c2f183c81340219af064f631b8efcb8e,2c7042ba14e2606e466ea9d3e998d20728dd7912f573c6fd4dfaf1c05cebb06d,30964,30964,True,True,/p/free-host-tools->/p/pool-host-tools,,kids-birthday-pool-party-palm-coast-fl.content.json
kids-birthday-pool-party-pasadena-tx,body_markdown,retarget,14db3037c718c15defe93ebc4d6b53e351d3c0f4c4c28efba93a45eb85959d9a,60f7c29b8a6ba7ff135aea8d57c0fb9dd8d106d391742c5558442d281869362f,29415,29415,True,True,/p/free-host-tools->/p/pool-host-tools,,kids-birthday-pool-party-pasadena-tx.body_markdown.json
kids-birthday-pool-party-pasadena-tx,content,retarget,14db3037c718c15defe93ebc4d6b53e351d3c0f4c4c28efba93a45eb85959d9a,60f7c29b8a6ba7ff135aea8d57c0fb9dd8d106d391742c5558442d281869362f,29415,29415,True,True,/p/free-host-tools->/p/pool-host-tools,,kids-birthday-pool-party-pasadena-tx.content.json
kids-birthday-pool-party-pharr-tx,body_markdown,retarget,f0357bcc9403ac87b27f38c3717a7e243093b5e57dc9ae93638afb571c053728,cf03eccc337bc17758ade2b69827a84223ca4cc01c262a533bac40c7137d53d0,20382,20382,True,True,/p/free-host-tools->/p/pool-host-tools,,kids-birthday-pool-party-pharr-tx.body_markdown.json
kids-birthday-pool-party-pharr-tx,content,retarget,7e91b1818c8f77dd460367812d92e6129af8ebc775e0e95bbb12505a95df4e18,72b2dda5fc127423a9ba90eecc97c3e6f53f6727d632675712ef8c90142a4e0e,20560,20560,True,True,/p/free-host-tools->/p/pool-host-tools,,kids-birthday-pool-party-pharr-tx.content.json
kids-birthday-pool-party-salina-ks,body_markdown,retarget,d716bfd0063c61d8e01ce596701abc6014212d7e80804c26477bc36268e2b17d,68a8114bbfd7bd5f9c21df6fb25881307ce9e5db42f14b34983b194108d9258d,20643,20643,True,True,/p/free-host-tools->/p/pool-host-tools,,kids-birthday-pool-party-salina-ks.body_markdown.json
kids-birthday-pool-party-salina-ks,content,retarget,dfaaebd3e822a450d9c1a190dca3063cf6c8ae34c27e6d9ed236bf7c3cdadaae,6dc65b740f7dd6815d70ddc4e1a81d95716ac58c254ec5e96b08bd70267da1f9,20739,20739,True,True,/p/free-host-tools->/p/pool-host-tools,,kids-birthday-pool-party-salina-ks.content.json
kids-birthday-pool-party-smyrna-tn,body_markdown,retarget,80984d3eb82f064766c6619a075690c6bc09853c64e8fd3fcfeb4797bcb8ebb4,dedacc34a18169ec381848fdb17ee2ec96be1c085391d723a7110e8ca0f6681f,21459,21459,True,True,/p/free-host-tools->/p/pool-host-tools,,kids-birthday-pool-party-smyrna-tn.body_markdown.json
kids-birthday-pool-party-smyrna-tn,content,retarget,d5837f0cb0965731aebd1538f8ba5b4aa13c0ff3b1441e4fafcce0e8bb74d996,43534565dc9347e0e142f2f42c775658cfd85f445d45b005ab3c01215cd6f4fd,21653,21653,True,True,/p/free-host-tools->/p/pool-host-tools,,kids-birthday-pool-party-smyrna-tn.content.json
kids-birthday-pool-party-southaven-ms,body_markdown,retarget,a8a518853293779f4d2bd84ee2774a20b747de6a15e577012b82cbb41f1eecaa,9be42bb71e2516ffa4919868a09e88c724eb445e2081d01ea12057bd37cae56d,19500,19500,True,True,/p/free-host-tools->/p/pool-host-tools,,kids-birthday-pool-party-southaven-ms.body_markdown.json
kids-birthday-pool-party-southaven-ms,content,retarget,3f6008676905f532e5ca0880e51291724bd73cca86b461c202568381935bbf3a,b70eddfe65877098892fe4d942af79199c0db28289910d224043d998e5c0c26c,19608,19608,True,True,/p/free-host-tools->/p/pool-host-tools,,kids-birthday-pool-party-southaven-ms.content.json
kids-birthday-pool-party-sparks-nv,body_markdown,retarget,e6958c6797dbead9c2b955992d0bda16b53d730f26ff515ceb2072f5a84e576e,993fe775f196a000ca881f116277ee61cb6088acb89ea3e72154746a5b2db359,18484,18484,True,True,/p/free-host-tools->/p/pool-host-tools,,kids-birthday-pool-party-sparks-nv.body_markdown.json
kids-birthday-pool-party-sparks-nv,content,retarget,4c09b4ebdb8a015aac99c35a9f26a0d87fe156c2d0c7ab3248c94aa8bc557425,44255239bf43f271a488cf490f08e5bc349ca474170c70996b48fc58ced646ba,18548,18548,True,True,/p/free-host-tools->/p/pool-host-tools,,kids-birthday-pool-party-sparks-nv.content.json
kids-birthday-pool-party-spartanburg-sc,body_markdown,retarget,546737442ad5f409466a298152f8d3d224ab0b91f0dca8213fa27c2a3ee7fb48,7da6aa3c418e15e72c3881a6487e86eb3fe7f809bf54e7826833147196516691,18388,18388,True,True,/p/free-host-tools->/p/pool-host-tools,,kids-birthday-pool-party-spartanburg-sc.body_markdown.json
kids-birthday-pool-party-spartanburg-sc,content,retarget,d87f0b94f97b8093d9c597074b44c6c2b2462d8bf32cfd498ea61c6dd361319d,14b264c29cd70c5d6e5c151b31c7b07360cb9437d4e0d57d152e54b659bc6ddf,18528,18528,True,True,/p/free-host-tools->/p/pool-host-tools,,kids-birthday-pool-party-spartanburg-sc.content.json
kids-birthday-pool-party-summerville-sc,body_markdown,retarget,451c764bbd494afa64077621b52bcc10f6edf5dc851aa87e1df2f3ae90f2a77a,5f7b47535aef2c5b937b5885526bf55137ac5bad2206a9fa4bf22c5d5c70dd41,29162,29162,True,True,/p/free-host-tools->/p/pool-host-tools,,kids-birthday-pool-party-summerville-sc.body_markdown.json
kids-birthday-pool-party-summerville-sc,content,retarget,451c764bbd494afa64077621b52bcc10f6edf5dc851aa87e1df2f3ae90f2a77a,5f7b47535aef2c5b937b5885526bf55137ac5bad2206a9fa4bf22c5d5c70dd41,29162,29162,True,True,/p/free-host-tools->/p/pool-host-tools,,kids-birthday-pool-party-summerville-sc.content.json
kids-birthday-pool-party-victorville-ca,body_markdown,retarget,0004e8a376ad7026c3bd4ae4bd7d1115a863379ac55a47749abcb5c17d76b168,847be73989d711733cb2d085775d3d8353d8f6136e38f1dce75dc8361c75c4da,21144,21144,True,True,/p/free-host-tools->/p/pool-host-tools,,kids-birthday-pool-party-victorville-ca.body_markdown.json
kids-birthday-pool-party-victorville-ca,content,retarget,ef909d747abef097aa987baf52b6aab81431f804096ab1f9f6009ea7f6b16ea5,ad50368a2f81dfc8a574d134162a05e14495a68b4228a47ac4332f53249ec06e,21230,21230,True,True,/p/free-host-tools->/p/pool-host-tools,,kids-birthday-pool-party-victorville-ca.content.json
kids-birthday-pool-party-wentzville-mo,body_markdown,retarget,62d2ddb4ae06bffd72e33e639fcf755d9daa43c06c4c8bdbf35b16bd202dbafc,37110d7605765365b19add5e9bd5ecf31fddbf01cd71b51b78962cff92f4e90d,19243,19243,True,True,/p/free-host-tools->/p/pool-host-tools,,kids-birthday-pool-party-wentzville-mo.body_markdown.json
kids-birthday-pool-party-wentzville-mo,content,retarget,d60931f4deec6b0ef349ecc4493497fb5947d9c0fd0de917591d94f0a33615dd,b40d90489e97bd1202dfda7f1474f5e1c55efc794bc8f183eeb7a3f6b3131fa6,19398,19398,True,True,/p/free-host-tools->/p/pool-host-tools,,kids-birthday-pool-party-wentzville-mo.content.json
learning-academy,body_markdown,retarget,127e94575e3aa311aef028f1e090e393e4b2c8f000efd381a7c88ec0508cee6f,4e1a120ea8d3d6725c424f94b8b6fdc343e5022db3ecf9abbbe2b4eace9855c5,3190,3190,True,True,/p/free-host-tools->/p/pool-host-tools,,learning-academy.body_markdown.json
prosper-tx,body_markdown,retarget,fa82059693c5ffaed3d8ac94b7861c989f8c0a614d2aa38238abb028e88cf568,3ae471dec11bac62a2a770e0edefc5bcc36beb94d058101bf814762258785e9c,10628,10656,True,True,/p/dallas-tx->/p/become-a-swimming-pool-host-dallas-tx,,prosper-tx.body_markdown.json
prosper-tx,content,retarget,34c460cac5a0e9dfc728ace390732e60f1875116d479f6a6f3ee25769430d50e,e1878bf5d3da38a1b1fddac7d65506ccd337e6b5bb871f8fa5070948392e0f21,9941,9969,True,True,/p/dallas-tx->/p/become-a-swimming-pool-host-dallas-tx,,prosper-tx.content.json
quinceanera-pool-venue-amarillo-tx,body_markdown,retarget,42be6b7b0c286ff6f2a35e3e288c89e1d0e3949f42d1395a03d836ea03ab8562,8368eafcd0f69151acd11bbd94d6feea75f53245c6d5f47352124e6560a1fa06,21052,21052,True,True,/p/free-host-tools->/p/pool-host-tools,,quinceanera-pool-venue-amarillo-tx.body_markdown.json
quinceanera-pool-venue-amarillo-tx,content,retarget,bcc48e7ea38785a71f996516aa190b5d1e56f23c742d1f361e1fe9eabe701fd7,72236733ddf2cf400bac9fb83dad67a7a6eaae4119d3d683f6015096a98027ee,21195,21195,True,True,/p/free-host-tools->/p/pool-host-tools,,quinceanera-pool-venue-amarillo-tx.content.json
quinceanera-pool-venue-deltona-fl,body_markdown,retarget,be2da65b79a22d0e5348cc502f956f464dadac78388bf5eafed443df08df0856,1c30b26952b928e2b396fa8fc85fd356a1d448e3fb77b5c081d94f8877cda323,32771,32771,True,True,/p/free-host-tools->/p/pool-host-tools,,quinceanera-pool-venue-deltona-fl.body_markdown.json
quinceanera-pool-venue-deltona-fl,content,retarget,be2da65b79a22d0e5348cc502f956f464dadac78388bf5eafed443df08df0856,1c30b26952b928e2b396fa8fc85fd356a1d448e3fb77b5c081d94f8877cda323,32771,32771,True,True,/p/free-host-tools->/p/pool-host-tools,,quinceanera-pool-venue-deltona-fl.content.json
quinceanera-pool-venue-goodyear-az,body_markdown,retarget,1f36416c3636cce8e4c435b0b546250ee5d910835d1f8abe6cb5f7e389f843f8,54d921e487ad3b36e81bfec4105f3a0e12097f574be46ffd4c23e7e9d5307e80,21757,21757,True,True,/p/free-host-tools->/p/pool-host-tools,,quinceanera-pool-venue-goodyear-az.body_markdown.json
quinceanera-pool-venue-goodyear-az,content,retarget,13250a6426cfdac01071149c29e86bdf27ad5eecdd2b4775ed359339157f3385,0989aafcae5e7a5c2338384c78bd88aedac9cc8da11548f49912d1ee2506da24,21878,21878,True,True,/p/free-host-tools->/p/pool-host-tools,,quinceanera-pool-venue-goodyear-az.content.json
quinceanera-pool-venue-grand-prairie-tx,body_markdown,retarget,3ea7fcc94f333ba61ff5c04084cdc6512e561989708a5345af1e0a5ccee039dc,ed1eb99b98dd88de4c09961f83d47380370e4c484dcbeff9b3fd8ed151ddeac9,18441,18441,True,True,/p/free-host-tools->/p/pool-host-tools,,quinceanera-pool-venue-grand-prairie-tx.body_markdown.json
quinceanera-pool-venue-grand-prairie-tx,content,retarget,11eea8d700bf2cfbbad52e4ff6b2dfbfd1ceb2f1504354df4e95324309f8507a,83c93e36fed8681b703a77bacf26f0462a6b29012e9b74b3d9531f3fdcb2261b,18584,18584,True,True,/p/free-host-tools->/p/pool-host-tools,,quinceanera-pool-venue-grand-prairie-tx.content.json
quinceanera-pool-venue-mesquite-tx,body_markdown,retarget,2b5db0d5ca4f89ae21bcbebe75e1e4d5bfac98fc6d94242e402ee8d30365b36e,fa9771b8a944ce485a1441399c88113c4a7243ec801247dcabf093cb991a71d6,19161,19161,True,True,/p/free-host-tools->/p/pool-host-tools,,quinceanera-pool-venue-mesquite-tx.body_markdown.json
quinceanera-pool-venue-mesquite-tx,content,retarget,5064bde635797b4e3048935d8805cc2ddd6745d88a3a3c5ed3ebb77b6a0ba3bb,54bc9158cfd1042e3c27e9ffde272d39a1a9420ca31aa2c6420f6b96324c8bc0,19304,19304,True,True,/p/free-host-tools->/p/pool-host-tools,,quinceanera-pool-venue-mesquite-tx.content.json
quinceanera-pool-venue-moreno-valley-ca,body_markdown,retarget,551fa3b9f9f81bd4693e7f7e8d108859942484a6a7f8ee29f363bed1eb68d860,d83e74eb2d163efbb32389b124f6344f618cc939599dd90104a3442c68747a1c,21273,21273,True,True,/p/free-host-tools->/p/pool-host-tools,,quinceanera-pool-venue-moreno-valley-ca.body_markdown.json
quinceanera-pool-venue-moreno-valley-ca,content,retarget,4954d3f23782b497986a79ccd445be07a11518734d4d398ffca7ac6a5ab7eadc,3561f5b29bc235937d850d451c8654606953e39c6dc37be5138f9a096e53219b,21416,21416,True,True,/p/free-host-tools->/p/pool-host-tools,,quinceanera-pool-venue-moreno-valley-ca.content.json
quinceanera-pool-venue-north-las-vegas-nv,body_markdown,retarget,3a00d2ee33ea5e57d989614bb960c60fc28bd6adc67d9b729788185eca53780f,29755bd85835cd1488ce0e9bb1feafce34f05d63bc29a24afdba004d86571448,18338,18338,True,True,/p/free-host-tools->/p/pool-host-tools,,quinceanera-pool-venue-north-las-vegas-nv.body_markdown.json
quinceanera-pool-venue-north-las-vegas-nv,content,retarget,64b8c801bd97aad3545caddc620c29ad7112fdf21371c8f5a53c212205b2d68b,e2ee18e7c586ba6b8d2c132936452eaa1cc3aab111976718785127332df267da,18481,18481,True,True,/p/free-host-tools->/p/pool-host-tools,,quinceanera-pool-venue-north-las-vegas-nv.content.json
quinceanera-pool-venue-pharr-tx,body_markdown,retarget,202e8efa406c697d174905f7cd87d57965d5e9eb6f425915d44351c1f4784520,1b5da6a79d03a736d744a0085cc4daa3b10c1832dcd830df34f2825d09c01df1,20836,20836,True,True,/p/free-host-tools->/p/pool-host-tools,,quinceanera-pool-venue-pharr-tx.body_markdown.json
quinceanera-pool-venue-pharr-tx,content,retarget,867da241f2beac8d94761c9a3a6a5ae6cbb2c73729c70842954013bc6eecebd3,d4913067a0471ab33c0c5a75f0075977c4aa27224c8877089bd99b82d40fab5e,20997,20997,True,True,/p/free-host-tools->/p/pool-host-tools,,quinceanera-pool-venue-pharr-tx.content.json
quinceanera-pool-venue-sparks-nv,body_markdown,retarget,3f5cbb5d2ec3f13379d8b2c56337012cdd04e5d399048264b1eb622cfcc16a7f,9cd766d634c2a01e40a7b6f6922bb1f02e2420ee408befd49ca763ea72f03e4b,20790,20790,True,True,/p/free-host-tools->/p/pool-host-tools,,quinceanera-pool-venue-sparks-nv.body_markdown.json
quinceanera-pool-venue-sparks-nv,content,retarget,a4a9faa7083011a970043aff15d436092e2f1fd9a27ba763f84f45d7beee2019,dc6ec658a7d0bf24484db5ce18baeef1cd1fde2b5c7f2fb50e5ad77591f5fc0f,20898,20898,True,True,/p/free-host-tools->/p/pool-host-tools,,quinceanera-pool-venue-sparks-nv.content.json
quinceanera-pool-venue-springdale-ar,body_markdown,retarget,a1626f6c0fad9aa62cc9808565adcba66cfc4cc4f35a5cef8fe2067d22b4f51e,e429ba2795d949e3ad70f4d5e7594c4b76882f6cf66053d0e2dcfffbeb426e44,18378,18378,True,True,/p/free-host-tools->/p/pool-host-tools,,quinceanera-pool-venue-springdale-ar.body_markdown.json
quinceanera-pool-venue-springdale-ar,content,retarget,d58258df22d48b6640ee19dbb1371691130979e28a4b6c9de66b72b3d215b460,12ee1a8ca93b4a39663f8880c9b291c475462aba736a3ce9ffe124f81eae52b8,18516,18516,True,True,/p/free-host-tools->/p/pool-host-tools,,quinceanera-pool-venue-springdale-ar.content.json
quinceanera-pool-venue-victorville-ca,body_markdown,retarget,f85123cf94d90c4d15685c122f98eafcf4033ad12b0df184fa9ec2aba4d3fff5,e3bde4e8dcb55efca10c654d5c1cdd0e61a302d0dbe60a649a1db9ab55d76f7c,20760,20760,True,True,/p/free-host-tools->/p/pool-host-tools,,quinceanera-pool-venue-victorville-ca.body_markdown.json
waxahachie-tx,body_markdown,retarget,98ea78b12677e9bd565e02edf1a2165103fb5b600ca1e385b7b6a9233b980094,8982f3602e4e6b002475e32d0f703106dd23e9d52e6bcf56c7d759b90520896f,9323,9351,True,True,/p/dallas-tx->/p/become-a-swimming-pool-host-dallas-tx,,waxahachie-tx.body_markdown.json
waxahachie-tx,content,retarget,9afa6508ae41fdd2b99b59d5e61e32f549d254344864c58aef4d2f3715d74af0,74931fa67c92de91f4ffaf4de29b31adbcab846b93898a1aeb0576aba1c4c56c,8625,8653,True,True,/p/dallas-tx->/p/become-a-swimming-pool-host-dallas-tx,,waxahachie-tx.content.json
